{"weights":{"inputs":[[0.4594664116952205,0.5336952653083913,0.6761200063711381,0.8150739480340063,0.4247491758449775],[0.37406239007357733,0.3948694763857574,0.18510455755225208,-0.38274156790569824,0.11582261247398029,null,null,null],[0.4532438927811062,0.8407326859671793,0.25996189970003036,-0.012362747157802723,0.8820068691145568],[-0.34384243069135967,-0.0022279399405171763,0.7471551000343903,0.7276574485070624,0.4915885647615066,null,null]],"outputs":[[0.7360073534244338,-0.5523015951691332,-0.28901199849090564,1.375423215550892,0.32562983102303167],[0.38014419449014825,-0.09172202751447034,1.5995369734914144,1.0539641582534318,0.10874009306849386],[0.44261686144872603,0.171103541374799,0.004078090638402143,0.3512774356111985,-0.7086235702623112,null,null,null,null]],"hidden":[]},"bias":{"inputs":[0.570519554991211,0.8477670228601157,0.1576295745162566,1.0919707807328662],"outputs":[0.9120491627936822,0.7659943808533418,0.5911018400733823],"hidden":[]},"layouts":[]}