{"weights":{"inputs":[[0.1341687980387758,1.096240468908356,-0.16744651213944128,0.08010005558704769,0.10653549147940167,0.7101149655162584,null],[0.2529141364532428,0.7417197636507369,1.4064934214236533,0.5939078202298331,0.5485537761407033,0.21729625897885518],[0.2666205866146256,0.4285271191843347,-0.07172181558795065,0.06780129828652837,-0.14640645188064094,0.6171533865680723],[1.3271753045952779,0.1404645183640154,0.23897183254743548,0.3201902260255176,0.5616089981641945,0.3587124801778636],[-0.007061169652423649,1.4296341894965,1.0559863846837316,0.14193219982541994,0.40561664224166116,-0.09634700399989526,null]],"outputs":[[0.8530770757837247,-0.40988020467242325,0.23816660222812103,0.6735287325993737,0.8400840469211412,0.14906707369144945,null,null],[0.01245269586265274,0.9011066566415449,1.1264888664572668,0.1767419177695133,1.1168677122897284,0.3051985653507088],[0.11531173153861385,0.4244846780792666,0.5896605930433447,0.2555025144178831,0.5417320764615152,0.43621735455573907,null]],"hidden":[]},"bias":{"inputs":[0.4395838476160556,1.4251461422154075,0.5692303016643661,-0.5565126880646747,0.7139722244653481],"outputs":[-0.14185459314957494,0.16705177554323458,0.4260217929699026],"hidden":[]},"layouts":[]}