{"weights":{"inputs":[[0.1762528926184015,0.7857953711270258,0.5185805576469076,0.7001637283427975,0.007728497823151548,null],[0.6901182647627706,0.299559348943055,0.8339242001419043,0.13941779152273148,0.02689798082038486],[0.5214540611156353,0.7998311629230359,0.7841745394466351,0.9046374839717553,0.30431648099451714,null,null],[0.7907014610727241,0.8788270735521264,0.40923832904245594,-0.015810518712570998,0.319636759646182]],"outputs":[[0.7174001875156797,-0.2685704993494029,0.1408194844405175,0.6909330389752582,0.9899084902334663],[0.8841311128502813,0.9297060668898327,0.4152406011037266,0.7630302116436316,0.3833113498192138,null],[0.23549082999922089,0.19412205713493758,0.22362290571454668,0.9063879502563033,0.9516664138960593,null,null]],"hidden":[]},"bias":{"inputs":[0.25490593500392,0.8749984537010449,0.7885032397951555,-0.39671049034102124],"outputs":[0.31429013418777263,0.8081755456802053,-0.1085423098896634],"hidden":[]},"layouts":[]}