{"weights":{"inputs":[[0.29640459467051294,0.8873609259913469,0.6059222214194755,0.7239851938873061,0.4088877026094815],[0.7744990003650212,0.48357683820696473,0.14353556304346693,0.19825059878248075,0.2519449358418402],[0.011433486047110364,0.9611638658876658,0.3664397827839059,0.6532689041444946,0.07902047680915936],[0.4676939658449324,0.2854774082452949,0.892764189982441,0.9532423514403396,0.35930989387789314]],"outputs":[[0.34191483256677757,0.30741836679363277,0.7152536787043196,0.5222573899133642],[0.007537193193564384,0.18637738836253237,0.5505091408544955,0.7169346332250668]],"hidden":[[[0.45708541506138967,0.3403165133970911,0.20189098795963956,0.49409128861389484,0.9981195068003279],[0.27173621467309395,0.7603706489026976,0.751816417850202,0.9883013979346709,0.1401006082430587],[0.18344224892012106,0.2200060494331546,0.24608984339243878,0.38443829034559585,0.3834771226228877]]]},"bias":{"inputs":[0.38801212079679903,0.6928448683593131,0.1693093035711628,0.13955131661203812],"outputs":[0.22367576034097136,0.9603661157745744],"hidden":[[0.42843938203981846,0.20207611132564463,0.4548708552052134]]},"layouts":[3]}