{"weights":{"inputs":[[0.3590380217098168,0.02026735265167634,0.8643040616968132,1.2285699783761692,1.778213405368196,null,null,null],[-0.044477445512453695,0.7718267383097579,0.9218736049247946,1.3426266971233698,0.29040126766257446,null],[-0.3556465877380126,0.8485116263270995,1.1351354318997369,0.1485508478908788,-0.09384287416139458,null,null],[0.09808833426968988,0.5985571914917889,-0.10150814434326949,0.4857317013468254,0.08506346845345214,null,null,null,null]],"outputs":[[0.9616760749591402,0.10327888095807469,0.7250332084183857,0.08275821193487065,0.14790321642290705,null],[1.0436758951707221,0.46500450864730447,1.5408070030746257,0.37483207507895866,0.18708006525787413,null,null,null],[0.9032501422664818,0.4929016751665025,1.0760205342960107,0.16242019455968237,0.7979379534583264]],"hidden":[]},"bias":{"inputs":[0.8158622526692563,0.8298712450448915,0.5161620856034967,-0.2813212211630596],"outputs":[0.5304018908852308,0.7457413389724141,0.8089671555829974],"hidden":[]},"layouts":[]}