{"weights":{"inputs":[[0.4341126350268183,0.49439780396188165,0.16592648283193898,0.5837370747094416,0.6849661871334356],[0.7948071100290551,0.7975316271218188,0.7801279454488893,0.4394478449695867,0.6687215621834401],[0.9923339796865145,0.4056474613903584,0.8483499486947393,0.04938930378524253,0.5575048372161581],[0.4311295901892962,0.1380501861523377,0.7467926348503013,0.38293256051497543,0.5363521742158984,null,null]],"outputs":[[0.8954248779612406,0.33748094171390136,0.8159434996391859,0.9089173896599466],[0.8601374353653527,0.7478038617030031,0.9739433845993216,0.10590503411104925]],"hidden":[[[0.19574763448232885,0.4885828154311352,0.03439623484332863,0.6757946767207227,0.07110857513786137,null,null],[0.8423016513711559,0.23328429088819352,0.3338899257828379,0.6714790239267271,0.9033116582876871,null,null],[0.9156902633826444,0.37651335061967617,0.18029732136593288,0.3537662522556161,0.7532639781718317,null,null]]]},"bias":{"inputs":[0.33936320917530466,0.18482972738573314,0.8453973930469756,0.6062929446533755],"outputs":[0.4493224035831474,0.12635718351215214],"hidden":[[0.7021747101111774,0.2606902293956143,0.06688690349653241]]},"layouts":[3]}