{"weights":{"inputs":[[0.3569120272565325,0.896820144206415,0.6739152247671292,0.45826658095870365,0.051090811184432816],[0.2404991632307174,0.45959404923083746,0.23879301658285734,0.48023148690823825,0.850440808667644],[0.36766431684702594,0.8782853453862882,0.2007406714029374,0.04213330466023746,0.26136319595726465],[0.9783414308359719,0.7710496462494634,0.36022852230338653,0.2957196894748202,0.3479288348483438]],"outputs":[[0.09878569730071085,0.8213875984139616,0.7205269353179011,0.5153994730601199],[0.18281778698177042,0.5287387472157536,0.17131207198629572,0.415910605154554]],"hidden":[[[0.3489966695265643,0.3500022654869299,0.8926275717406282,0.44879006443213365,0.35298016018748224],[0.9218337719664009,0.48489817945744473,0.9208870639509539,0.4060090740234761,0.2027832531822762],[0.770129900490161,0.11243075390285684,0.8359480502060475,0.9482165226045709,0.3449418231108765]]]},"bias":{"inputs":[0.5704659102616139,0.4740879686332755,0.039275216572983496,0.9883163225480358],"outputs":[0.9685221532123403,0.46059136438992065],"hidden":[[0.9391013586412433,0.18125643813111414,0.13446129577993227]]},"layouts":[3]}