{"weights":{"inputs":[[0.362795280399294,0.5670491038066405,0.19301151662952631,0.5927485466891989,0.6203398941935008,null,null,null],[0.8416352351483887,0.6996332397650018,1.0720133860417496,0.6803414255886768,0.6681695327709207,null,null,null,null],[0.7074042990954226,0.5399700607216931,0.17683952776523348,1.2125995033866794,0.019589916866169954],[0.43915265221861577,-0.8622359155431882,1.020160181885525,1.0179167774445825,1.2917065872911901,null]],"outputs":[[0.1410128786238094,1.3093040179656388,0.24530388176608087,0.5888761950748105,0.31267663604928675,null,null,null],[0.6913314610593582,1.452532404242601,0.454266608989514,1.4561246082382557,1.0270536920237832,null],[-0.8197040215499327,-0.35697463969003085,1.012551792653087,0.5013789343634623,0.2396035482210439,null,null,null,null,null,null,null,null,null]],"hidden":[]},"bias":{"inputs":[0.17710673095995166,0.46789059808795597,0.582793443453774,0.8351072556580696],"outputs":[-0.2318705552607634,0.9257918998968149,0.19930393918637623],"hidden":[]},"layouts":[]}