{"weights":{"inputs":[[0.43550889951156724,0.4947386866159714,0.1655693171108479,0.5834759473455431,0.6840519197689651,null,null],[0.7927302589701124,0.7975751858074306,0.7813216486492395,0.44077185187563145,0.6668983668707743,null,null],[0.9906661215488067,0.40624766113400623,0.8480755847929429,0.04949102789057786,0.5558578620152063,null,null],[0.4310357170202503,0.1389025626351309,0.7462183964371815,0.38339500732114573,0.536144766969217]],"outputs":[[0.8958133116058257,0.3380606609001717,0.8163359335999392,0.9090350593933815,null],[0.8625182954694051,0.74636594122603,0.9748232775350119,0.10369761051581723]],"hidden":[[[0.19499780383167753,0.49012938651714044,0.03403279655276611,0.6735830920186445,0.06968288079410846],[0.8410349017842178,0.23340538077422343,0.3333473056071786,0.6723650110935724,0.9026230909738558],[0.9168607197977205,0.3742697848173254,0.1819636724060128,0.35205217923646864,0.7522024273764409,null]]]},"bias":{"inputs":[0.3370637412630137,0.18424197039650922,0.8453911683786575,0.6066218554431144],"outputs":[0.45109057696469396,0.1278468750304958],"hidden":[[0.7005608698902748,0.2593806345991129,0.06666531896435253]]},"layouts":[3]}