{"weights":{"inputs":[[0.43644881974965133,0.49543969681524547,0.16313769434398293,0.5818267609550082,0.6824783703754936],[0.7922454391426478,0.7980695508346484,0.7820287062175367,0.43897914702788227,0.6699033472042668],[0.9905357646480454,0.4077481185226578,0.8495852110882065,0.05081117128773511,0.5576131686942485,null],[0.4294213001838382,0.13875395642819927,0.7494568928412308,0.3844209516245178,0.5368452742419805,null]],"outputs":[[0.8944376388406418,0.33683684566415023,0.8185379912830858,0.9120564581201721],[0.8609149471227581,0.7443031608535086,0.9758369416875923,0.10446169946417172,null]],"hidden":[[[0.1929379097122129,0.4909424476620208,0.0334353922560382,0.6775630830922265,0.0702286458425622,null],[0.8418721795027759,0.2340387337192173,0.33345789712877677,0.6738062636033402,0.9041004730519682],[0.9140825865308334,0.37585387836819684,0.18302619048556884,0.35374759680169104,0.7549074229366007,null]]]},"bias":{"inputs":[0.9574223911902496,0.18200909511318325,0.3566291451924501,0.34111194068476947],"outputs":[0.4488496553094585,0.1285612900725306],"hidden":[[0.5985107774186139,0.26242254185455194,0.0636954146566053]]},"layouts":[3]}