{"weights":{"inputs":[[0.9982248091864176,0.24678961162700075,0.06527574857788077,0.02690644940922593,0.4165615407204346],[0.5511447021718745,0.27632732202276444,0.6058692120158562,0.5312239145913393,0.8480880449405039],[0.4437898869816872,0.1919902384348895,0.9825972513909407,0.6768123074646,0.5873579882872131],[0.4824590957290107,0.9571044170947842,0.9125103563314736,0.9982468069995676,0.6269538960609373]],"outputs":[[0.9090976222492544,0.31427121092446564,0.19658109030292015,0.5596672511416636],[0.09205486874762014,0.9984823211410232,0.08287773445601854,0.7951106257221718]],"hidden":[[[0.4275772631775281,0.5093215401498088,0.031852237220791224,0.315958657961658,0.115111697432426],[0.5922938549405223,0.44152838402232764,0.9460732955931683,0.6707819224879641,0.27004175677778264],[0.9227456858084824,0.2970092110029836,0.012679682255891,0.5174069661121774,0.2799970174324986]]]},"bias":{"inputs":[0.42607330414455924,0.30385128748064383,0.4111961548376144,0.8045718826290729],"outputs":[0.5814858898403141,0.8629804246921584],"hidden":[[0.1570559106928322,0.675174278405696,0.09010298175214015]]},"layouts":[3]}