{"weights":{"inputs":[[0.6693033068672947,0.2843475840946217,0.7964347532607081,0.5074335333286095,0.22787194270410338],[0.29629593548984334,0.1746856423669525,0.5505013081452623,0.7104120734645203,0.17441761280726875],[0.5238965413074994,0.09036040668214307,0.7776857307157652,0.724916200240959,0.8777102923099369],[0.05584261004559954,0.9428123361506044,0.7741611133198543,0.7017316963131797,0.19215241037067154]],"outputs":[[0.2002834355356784,0.46036575167720595,0.48263147212796387,0.18269501326274895],[0.3843871589576022,0.7488328367345602,0.846077622797283,0.7268501096378666]],"hidden":[[[0.824317579483226,0.8978899890011374,0.3527377376126486,0.04876668216915436,0.19550055015418133],[0.7012767677548941,0.6988178970924928,0.937872939401835,0.34563471810665236,0.5531970418411019],[0.12691782216216163,0.5806781924497004,0.2721803254099249,0.9398205572994809,0.7024396599954241]]]},"bias":{"inputs":[0.7823120200846583,0.9849387677791561,0.485884550595576,0.23547710157465462],"outputs":[0.13893379020875463,0.7420138202139122],"hidden":[[0.9700128318307255,0.9695893884033453,0.8064897771006851]]},"layouts":[3]}