{"weights":{"inputs":[[0.5637676694107654,0.20289517156077785,0.34948571387630767,0.7096008758322934,0.011317714625994624],[0.017926451584432845,0.026163217472834344,0.3524459183887756,0.5054054429285779,0.843440569160665],[0.09839049431914515,0.10338391885401776,0.7645465431985043,0.612343911580759,0.363647580833262],[0.012797344532137656,0.6187674906441347,0.7914577230185429,0.12766313109402305,0.17024632313089616]],"outputs":[[0.9159886993343684,0.046271731543017,0.6446691281901624,0.5172011783006272],[0.322873529986627,0.9812693761160942,0.287790938476699,0.1250370805092964]],"hidden":[[[0.9734383200526238,0.20438948702149484,0.2073152009666055,0.5527968167849442,0.10781606544432587],[0.2353878323469032,0.6919764831709894,0.8440950497972406,0.6835766463163628,0.588257877324305],[0.8468424798663807,0.9850971082890023,0.6466724290708707,0.03917090417196434,0.40076911436034424]]]},"bias":{"inputs":[0.9501290306082477,0.04594102403604028,0.15836162132582543,0.4571065486605028],"outputs":[0.45798255203983085,0.4363039812783527],"hidden":[[0.547420680730508,0.1087935768851036,0.32617991464031126]]},"layouts":[3]}