{"weights":{"inputs":[[0.6491640967073011,0.8676002156379641,0.35355020985516084,0.9374101846213736,0.8747111390540621],[0.06047798619807865,0.23067100561548326,0.026661471596357122,0.3552517230939112,0.8323668861051332],[0.5013519734373879,0.5011935827002361,0.5510501196639412,0.7145197082814541,0.2713972802412894],[0.4999105769823,0.5250551260022382,0.6135544071726862,0.6974700228953024,0.4990281570509276]],"outputs":[[0.7340676455286019,0.7068523688766659,0.964883582045216,0.9450811967381456],[0.8735484633715151,0.7979527900888106,0.984084376551889,0.5615632092667735]],"hidden":[[[0.03180629269421287,0.3754587956350748,0.5647170286778589,0.5014853853993573,0.9786047851782111],[0.2622260835845751,0.8059844544447101,0.821607513184115,0.2028361490719368,0.5794928903375496],[0.3162630578779957,0.8421131855312982,0.8671961674798778,0.5287559631688892,0.5973198508934701]]]},"bias":{"inputs":[0.9200903448920761,0.9647099062764861,0.48661816782579637,0.35221649229705054],"outputs":[0.11414457067937533,0.15476121765636752],"hidden":[[0.04707213977610891,0.8288811019717526,0.5576932366343423]]},"layouts":[3]}