{"weights":{"inputs":[[0.8570016438184498,0.28725779823210784,0.3985155958406883,0.07287086011370314,0.4139378961826481],[0.7612369147087907,0.8973940756776453,0.47617756840617464,0.14188906713109306,0.3669104648179584],[0.1581160926358509,0.4492054640413383,0.1285055694028514,0.25751285405661584,0.06553751825804488],[0.9781492761711255,0.5143510548705144,0.7711586645548332,0.3761461241417652,0.2589542393616122]],"outputs":[[0.20282799949737473,0.3572690206641891,0.8230982519427594,0.23824497346517792],[0.2195441776830105,0.24678465173820996,0.870470424474109,0.271842432826245]],"hidden":[[[0.5480165288053107,0.24050907639217134,0.41876522021891627,0.7340622464143167,0.37210500971656746],[0.559543398173246,0.5365160486786802,0.31898922683370756,0.4603231774507095,0.15844452475262494],[0.08044182827527457,0.8988770925580449,0.8369915504258896,0.9581505257483549,0.941931032336585]]]},"bias":{"inputs":[0.6183790230423016,0.2413222945229374,0.30487499698104736,0.08593602014056989],"outputs":[0.5982678381293187,0.4110118135982519],"hidden":[[0.9719065295057807,0.08330849338756585,0.2883033276904212]]},"layouts":[3]}