{"w":{"inputs":[[0.35479234427418316,0.43112553675678544,0.21065808613337977,0.5172348354952223,0.9250029795592001],[0.6209866786110123,0.017558808059291442,0.019789769615391917,0.3560881473182256,0.35197856601413835],[0.7730515567648759,0.21705056954772606,0.8162093326461157,0.8788486854294812,0.4580181089534072],[0.24254819041220932,0.41637848438960745,0.06691567420887945,0.9219002429101919,0.2265779234874068]],"outputs":[[0.7471534340107449,0.6687796439732339,0.2623123263747609,0.3953107242256777],[0.546399474931782,0.3754996990191479,0.3232391484190509,0.2373716282919469]],"hidden":[[[0.3011063546452253,0.5939489020588391,0.5455474587785869,0.6166629114640816,0.656578850712694],[0.9186364756058469,0.571021176555359,0.3816206649166054,0.8580450960128634,0.4902219765081026],[0.8016914900897651,0.7779103446812763,0.7518720301379347,0.11631171589205724,0.6886249107004156]]]},"b":{"inputs":[0.22667529592244295,0.8929411996827208,0.7082610915583136,0.48585249122572693],"outputs":[0.28802882254541484,0.9461997699163294],"hidden":[[0.21194511890962953,0.2737648909108641,0.11265128454492634]]},"l":[3]}