{"w":{"inputs":[[0.6953722745350213,0.35102592814505873,0.2543826847959332,0.07138446459037118,0.41538126705265244],[0.4451651462885464,0.9119390490507238,0.46073544126161736,0.9119382646828715,0.16680206627815442],[0.234040799549333,0.5546586815838603,0.7110864468327838,0.10468132231125948,0.24223851020454967],[0.8507852782189518,0.32478167258303325,0.8687393022523162,0.11420207436461882,0.8676335351805224]],"outputs":[[0.4462148076517949,0.7361980540651163,0.45695499730031264,0.4392569337602166],[0.6460805521291997,0.5693820091398336,0.9696703033728493,0.9340472869994674]],"hidden":[[[0.9237876624035835,0.9314049079167388,0.42024248576406387,0.6000604167707735,0.6241116874006738],[0.5602305739150386,0.7126718547191768,0.14108288382604028,0.0728295035211255,0.6902082235667655],[0.20001306394509366,0.1147760875809718,0.4982225186264222,0.9581860782413838,0.5805518757395449]]]},"b":{"inputs":[0.47639305576754865,0.20903505329210414,0.9225573176646811,0.6561816298154486],"outputs":[0.9176449501473265,0.5554332190508511],"hidden":[[0.09266261856820557,0.6571306725955439,0.7035552422174569]]},"l":[3]}