{"weights":{"inputs":[[0.9136111384787228,0.1124143330090255,0.05901672749224726,0.5416186328203394,0.06269603693987351,null],[0.8899288159839958,0.49865202150736027,0.7780178190528737,0.07110837877819441,0.5702360222148797,null],[0.9022666563758778,0.12332855544560256,0.8106727821219637,0.8996953233107773,0.5425928528929944,null],[0.1471518788276687,0.28480078512022305,0.5768545407417653,0.9461642031290018,0.5783396208661866]],"outputs":[[0.902605290731068,0.515543972803968,0.9293089517955752,0.4680107702669002],[0.25791656414996655,0.8791457994979441,0.06000334684774974,0.36570318728626666]],"hidden":[[[0.21531620000046106,0.687615037644916,0.34292229942491287,0.5735087754076225,0.12966244342303418],[0.7018315867014003,0.21731198716967542,0.34801442319328274,0.9717774261108499,0.6877019882377,null],[0.20559914625120215,0.8926911007616615,0.1568921673201194,0.499667425465371,0.5171509315462905,null,null]]]},"bias":{"inputs":[0.8637417303092386,0.014662761969165444,0.18200885128113492,0.2605881766999263],"outputs":[0.360658902809642,0.5550153195381562],"hidden":[[0.21938709579700125,0.2000080252014831,0.8471485163642649]]},"layouts":[3]}