{"weights":{"inputs":[[0.43551691664630526,0.4940169265263504,0.16530823746410922,0.581413776452403,0.6816731350173293,null],[0.7928095554603737,0.7973632765612866,0.7819902615127801,0.4417111888415612,0.6676274211462936,null,null],[0.9906661215488067,0.4066161801981594,0.848234736845173,0.049888334040315445,0.5571892038597765],[0.42970094954692745,0.13818434666634596,0.7464759292911891,0.38355578473346846,0.5366460302321466]],"outputs":[[0.8930811132702194,0.3377752011389758,0.8176829325863662,0.9104395385664887],[0.8643212096235731,0.7463866396920694,0.9749459170291087,0.10160513763233664,null]],"hidden":[[[0.1951351873559393,0.48855650668401307,0.036215121102287036,0.6758753143212085,0.06725535937231099,null],[0.8431554510177225,0.23280845502529562,0.33285740772149464,0.6718027820437162,0.902609130551823],[0.9176166393945611,0.374561192967049,0.1820243925405002,0.3523455692376895,0.752358626447426]]]},"bias":{"inputs":[0.3367463826417555,0.1825129326071074,0.8455836108211893,0.6075079357647243],"outputs":[0.4512160711081515,0.1267709277746886],"hidden":[[0.7013795471462604,0.25941644940078573,0.06568333089922247]]},"layouts":[3]}