{"weights":{"inputs":[[0.7819172682734097,0.5187596553703728,0.5924348346580204,1.3003355011089686,-0.33266723470056747,null],[0.19276748633867435,0.19450871380259427,0.7663412910807186,-0.22027769295888433,-0.3870853665354619],[0.3939958532992418,1.335163708789652,0.11984917508950366,0.8096654360148658,-0.2835237908920085,null],[1.2411026996146237,0.770498158085837,-0.16520150150643098,0.21367811935203962,0.9184365983754768,null,null,null,null]],"outputs":[[0.7620675060102018,-0.19924323837228863,0.7250246158297613,0.4971406874852349,1.4920816600058402,null,null],[0.686405461017199,0.974625176867516,0.8816860397744202,0.44328660034165734,0.542419941133546,null,null],[0.01391515176762037,0.6920483083827773,-0.2569466488779111,0.578604494173804,1.484738739973614,null,null,null,null,null]],"hidden":[]},"bias":{"inputs":[0.7870323277941735,0.23244314528883026,0.563429964290824,0.7280009590600012],"outputs":[0.5089749924839273,1.1963255776309893,0.49595184213150834],"hidden":[]},"layouts":[]}