{"weights":{"inputs":[[0.4366792940370766,0.4943001147573005,0.16642204815013517,0.5844859821264768,0.6831803537743424],[0.7925027784305391,0.7974041913947185,0.7815746141185698,0.44095828060572995,0.6676274211462936,null,null,null],[0.9903860910942436,0.4073993885513988,0.848234736845173,0.04922904198208159,0.5568300531289554,null],[0.4313659283224337,0.14257529542322403,0.745139900738999,0.3849752286341823,0.5346496360625903]],"outputs":[[0.8930811132702194,0.33690109072868146,0.8167935602755518,0.9098413216042068,null],[0.8625182954694051,0.7457789031361031,0.9745958036622594,0.10296978120373582,null,null,null,null,null,null]],"hidden":[[[0.1951351873559393,0.4900468791498444,0.03635246615326047,0.6754904642377169,0.06797307849500957],[0.8413930222980293,0.23310921139212196,0.3340477036602227,0.6733564232339017,0.9028013257950254],[0.917823382349645,0.37392043195637564,0.18130099838670374,0.3514907078496529,0.7516709368478358,null]]]},"bias":{"inputs":[0.3374100009482153,0.18345682701400629,0.8444753103608053,0.6063876009281672],"outputs":[0.45130882468914607,0.12784474094789386],"hidden":[[0.7006030538085828,0.26005306469117184,0.06592499312438298]]},"layouts":[3]}