{"weights":{"inputs":[[0.3950738393720761,0.6920240129818329,0.41170884666918495,0.0005582284458385267,0.33225694294871877],[0.4799442348094962,0.8439726522369173,0.6154787218977014,0.0030941094048591022,0.369317297693188],[0.3420872614152297,0.507687758398907,0.027631777860433138,0.5863220760626124,0.11060377158118406],[0.7485573083298267,0.7489803898722385,0.2602899944841508,0.049514479668351985,0.5845776574595725]],"outputs":[[0.471675367997201,0.662213836816401,0.23033489049462896,0.5606232900689607],[0.8281421546474264,0.5098560865990989,0.7257927601269931,0.9397145160009701]],"hidden":[[[0.6706779490253727,0.0008308048976739535,0.21855260211008765,0.23615193359970177,0.29573394892475835],[0.37507481455511704,0.9546211314514903,0.17060879960175668,0.012841945054098192,0.7473267204185836],[0.8987720238295214,0.542737837838889,0.7747175565966635,0.7501401294050223,0.3453346690211063]]]},"bias":{"inputs":[0.5060445634407906,0.8718534148266057,0.6213294553554349,0.5992199233444302],"outputs":[0.5889540879554407,0.9865593118739371],"hidden":[[0.8332916870355531,0.23147251260602153,0.4735769950104265]]},"layouts":[3]}