{"weights":{"inputs":[[0.6199682500647836,-0.19158520103991905,1.581958505851738,0.3299872909187158,0.7241482197839166],[0.4778464117300798,1.0560181167456593,-0.49788345504360865,-0.07132510805561965,0.327977757743938],[0.18094360884020655,0.81692619897953,0.623915863863983,0.2717252629856748,1.006149268172736,null,null],[0.2804541409209169,1.042374371913603,1.3709010855103338,1.3496284450684788,0.7090715844682707,null,null,null,null]],"outputs":[[0.7225220098448937,1.1614524766192686,-0.5471774509917446,0.31065603989757373,0.010950772705349276,null,null],[-0.10284724269044543,0.5411635037441873,0.4395192849995695,0.793852913166984,0.7388465971444564,null]],"hidden":[[[1.7204903533126463,-1.133415831333553,1.2754077584784747,-0.040812721181345823,0.09455035743693885,null,null],[0.3816936078634865,0.13139889856610387,0.6296969913275805,0.17701549477442446,0.5377961908250901,null],[1.0301855600862109,0.9061326384107853,0.9205447851097812,0.9273168845578355,0.22025070344915387,null],[0.43863785818900736,-1.239805605734282,0.4222464565814885,0.26172678707898545,0.800019132006244]]]},"bias":{"inputs":[0.4843883844100001,0.2734979118852312,-0.3696110891923796,1.7770128348048932],"outputs":[-0.12891220349612054,0.863133328214859],"hidden":[[-0.35521555684846384,0.9198052323274957,-0.19172899603526727,1.2155328643521277]]},"layouts":[4]}