{"weights":{"inputs":[[-0.012265641277188655,0.3032179309005185,0.5201788385961994,0.9004572783766587,0.952818209413641,-0.04532059908998676],[0.966070512469571,0.5011598347245585,0.27648718454753407,0.6784292609386073,0.22792706732149548,0.4198359588502585],[1.1045595332088343,-0.07549428543275272,0.48664182582115423,0.3085630332042919,0.669054655997749,-0.10846996120686425],[-0.08762119262784851,0.33950523000646027,0.018456691221736987,0.7629990550210153,-0.26096333445607645,0.38958522167204235,null,null,null,null,null],[0.8014092743819328,0.2444261343158216,0.9233699801448028,0.6898916719540331,0.13591893642722064,0.8194061981466436]],"outputs":[[-0.4699273688556871,0.2981042142957655,0.35926384381857934,0.4463144476725234],[1.1382380892814457,0.9852592967757596,0.8413934925727404,-0.18103831142821591],[-0.08999544891761757,0.369682006613111,0.40815402585111915,0.42037738912417466,null,null]],"hidden":[[[0.2553135207288424,0.24807077456719862,0.9559569484759447,0.6742066980123165,0.028647162559704897,0.36995614412947386],[0.6395160792802512,1.2941850826888615,0.7305282838247051,0.14621328890917606,-0.03482227895064294,0.10250080633378023],[0.5493511746005777,-0.15855203820690322,0.22670414754439383,0.5812636994165814,0.7941099103526992,0.05329429940342045,null]]]},"bias":{"inputs":[0.7110119324680897,0.19886393258058255,0.6446609477966883,0.38119487553987286,0.7280220370929271],"outputs":[0.26592622075187644,0.6013767884046057,-0.02501675515757462],"hidden":[[0.30415812955646326,0.408289993281884,0.9069144372377829]]},"layouts":[3]}