{"weights":{"inputs":[[0.45461418938689935,0.638630086662135,0.6761200063711381,0.28457505932926885,0.28041321585690393],[1.1087979081816508,0.11909407319825172,1.3101894979243813,1.102205964819247,1.1847160541912194],[0.4532438927811062,0.8407326859671793,0.652501200742448,-0.012362747157802723,0.85694170210431,null,null],[-0.5145068526377268,-0.0022279399405171763,0.4092469066630575,0.43085000802672835,0.2385413385203945,null]],"outputs":[[0.7360073534244338,-0.11435399255174983,-0.28390351102704803,1.419122317292188,0.32562983102303167],[0.3536883909530375,-0.12100513094854093,1.2512523866646341,0.8003063861016531,0.38161584390562053],[0.0013161699240651359,0.41900595951720554,0.1682621117904468,-0.11029706593488853,-0.7086235702623112,null,null]],"hidden":[]},"bias":{"inputs":[0.009730737881526341,1.0323883858496405,0.1576295745162566,-0.2199519658117517],"outputs":[0.9120491627936822,0.28290979888251244,0.04378850831815506],"hidden":[]},"layouts":[]}