{"weights":{"inputs":[[0.9833406357620162,0.5154081388946623,0.34480156747973956,0.6429519129973862,0.24860510687988446],[0.8863015116029467,0.7923016100145814,0.2406761362536196,0.7588005886831972,0.41087259182146485],[0.29770855053737577,0.3440227980116213,0.6440412526526913,0.022251097175055135,0.31385337740379216],[0.5744015054264309,0.8471660639525644,0.3888907593161268,0.5070889091526194,0.455694991374181]],"outputs":[[0.06529501947974348,0.9116937052187155,0.8537414087463295,0.2776745778882834],[0.507451036500242,0.42051835579452645,0.07337390902528784,0.09403152259932268]],"hidden":[[[0.9693770554323706,0.929387507771994,0.8837854653515171,0.07613463684958033,0.80141480347691],[0.21122881723191655,0.7045785514754868,0.6527332238511296,0.8599265105199219,0.07807587203701982],[0.25885376332453003,0.4963272853965699,0.30949662691699475,0.7371281304464408,0.4245373025327617]]]},"bias":{"inputs":[0.6022601816495374,0.20047574231838938,0.35701148912711833,0.8107654591282323],"outputs":[0.17003232308380922,0.46913038866490764],"hidden":[[0.5413196719198725,0.26653056913975925,0.0882987245576865]]},"layouts":[3]}