{"weights":{"inputs":[[0.12087978692484302,0.548004992591411,0.908808778286607,0.5292376460065598,0.994485932243101],[0.7595984837434075,0.24137153708151438,0.40799129716081817,0.08896948717901543,0.8281138669258277],[0.9370210389314679,0.948538219324621,0.4445094382103991,0.09748203048958293,0.5996349084351105],[0.7354026091088095,0.7861968809839899,0.7777582083235617,0.8106585527878776,0.11865179708975782]],"outputs":[[0.056781867414711806,0.540705145879185,0.19335763418848861,0.10788601189096925],[0.8670318557403054,0.16906744936146811,0.558989194679353,0.6508118309879725]],"hidden":[[[0.4289096748916241,0.6960692449746912,0.1163558626772696,0.11337700622015556,0.4524006289303397],[0.2718533111325945,0.7016947501700743,0.7583811655116868,0.20490537694803534,0.19842463561827617],[0.9322732903909252,0.8070406405944857,0.1878960531721856,0.15494438636858554,0.1009047343005558]]]},"bias":{"inputs":[0.6385229781922297,0.3053559260170464,0.3272202480682722,0.5088790666512626],"outputs":[0.9950921493358764,0.12170672707711239],"hidden":[[0.6813366887163617,0.3506336223929003,0.4355817229098935]]},"layouts":[3]}