{"weights":{"inputs":[[0.45744042402078877,0.895325206419533,0.8769570966590217,0.10516710731987611,0.22552132799153157],[0.6131162484209327,0.14908735700685005,0.7006836833184953,0.04878264594518411,0.6841848287944197],[0.20755572414672563,0.9862469797628588,0.40378062410146254,0.4070881617934008,0.5401038292479321],[0.47255520945233376,0.8130585196716489,0.5514660115637431,0.3764936087487232,0.3027859367205885]],"outputs":[[0.03810460579194119,0.41294690740736084,0.8476234079058735,0.9053910127006697],[0.4229570306689119,0.5091794890748969,0.5179113830419928,0.5199170729765474]],"hidden":[[[0.7976602459770281,0.9147380043455455,0.942585271426678,0.8472943684416374,0.3053210277168288],[0.1600379615293266,0.9270723255657936,0.33030813076953636,0.3590612319776776,0.15460766676146553],[0.835211850219906,0.20846632929332443,0.9630146421567627,0.6729241784932258,0.564622387724562]]]},"bias":{"inputs":[0.2574638406940706,0.24017588823111602,0.5386959421253159,0.4927404347912876],"outputs":[0.009160980971331334,0.06264852540284793],"hidden":[[0.23343906318700025,0.701420216335318,0.9138049905488765]]},"layouts":[3]}