{"weights":{"inputs":[[0.43721274376810204,0.4943001147573005,0.16642204815013517,0.5845119182095899,0.6819999140494348,null],[0.7936582931551365,0.7976068699532857,0.7823449416292051,0.4400339058603407,0.6684166940070858,null,null],[0.9902562814335429,0.40691271182112,0.846663240698701,0.050436147914776894,0.5568262636423176,null],[0.42965761980641054,0.1386731716680644,0.7455298064300492,0.38339500732114573,0.53733550258626,null]],"outputs":[[0.8931471719755413,0.3389039555315146,0.815972759630942,0.9083380864548332,null],[0.8643748267152791,0.7469450313915067,0.9773876322216598,0.10307787551043712,null,null,null]],"hidden":[[[0.1953359069150289,0.49012938651714044,0.03344670562520395,0.6729711042768486,0.07003034538569448,null,null,null],[0.8413077283461918,0.2338155523297579,0.3333530052515873,0.67198791459061,0.9026504001491785],[0.9176409519948647,0.37455811233840275,0.181059698253959,0.353009240647577,0.7531436506404118]]]},"bias":{"inputs":[0.33717939100941813,0.18350525293235503,0.8438261232915001,0.6060604327689354],"outputs":[0.45196305182792174,0.1279065149479673],"hidden":[[0.6995075042053588,0.2593806345991129,0.06666531896435253]]},"layouts":[3]}