{"weights":{"inputs":[[0.4368876284690213,0.49304756888303436,0.1644967003778212,0.5842429391895214,0.683018831850875],[0.7937447189828798,0.7983114093335846,0.7804994744902524,0.4396464066551076,0.6691160808968736,null,null,null,null,null],[0.9905858739405622,0.40861561674185903,0.8506672367668334,0.0516567988651717,0.5565147237488657],[0.4311156504875964,0.1397253911362641,0.7453535563776467,0.38455401510698584,0.5334229802422555]],"outputs":[[0.8945888278706468,0.3364255487099793,0.818528448905679,0.9123888373264927,null],[0.8642524045923965,0.7468756807844074,0.9754580908983428,0.10466272479303615]],"hidden":[[[0.19509433828332018,0.49102718715471844,0.03453633936730533,0.677607593433752,0.06785808397301131,null],[0.8420265449644374,0.2331619359201454,0.33501389555245775,0.6713683257620645,0.9027444416078486,null,null],[0.9154242504888349,0.3756762722951993,0.1842395653842174,0.3562531214378648,0.7547752914219861]]]},"bias":{"inputs":[0.3367651558777823,0.1842006849093765,0.8447786803379385,0.6060218614743869],"outputs":[0.4502835585256659,0.12627043579926556],"hidden":[[0.7009927370381904,0.26089625045170417,0.06638215055995465]]},"layouts":[3]}