{"weights":{"inputs":[[0.4361384714801898,0.4945175320860939,0.16404647254635615,0.5828330307829364,0.6828658231172722],[0.7933459064744657,0.7974492547402325,0.7814111863919279,0.43994018570388466,0.6685017081866709,null],[0.9891184428815504,0.4088011463198103,0.8506208502211646,0.05083544847762698,0.5568329712756592],[0.4306275015758038,0.1393155005760983,0.7450427451111552,0.38455401510698584,0.5340050746503396]],"outputs":[[0.895777792440475,0.33612568405426485,0.8182273497847774,0.9100056743698494],[0.8620620006791911,0.7465471887062586,0.9750123157356972,0.10203985650991006]],"hidden":[[[0.19471923677062114,0.4882075244630424,0.03545840217647349,0.6753143768212833,0.06933341013746384,null,null,null,null,null,null,null,null],[0.841505663118707,0.23354763467263734,0.3340477036602227,0.6713352366753556,0.9021144962206391],[0.9150622971906187,0.3754156443797035,0.1844774462952188,0.3561545028320807,0.7547752914219861,null]]]},"bias":{"inputs":[0.3374386257625557,0.18507133171464907,0.8472615142277233,0.6060218614743869],"outputs":[0.45136112622839436,0.12592492389514992],"hidden":[[0.700921134793665,0.2605594169406502,0.06651206313168347]]},"layouts":[3]}