{"w":{"inputs":[[0.8400057481013359,0.503064013048677,0.1431891324953718,0.006164233319529755,0.6036939917029227],[0.42215115262379865,0.3067704959611539,0.21161309088936098,0.43375343197136984,0.3462094794651558],[0.2789677429849404,0.2903095340988353,0.5830742636936976,0.6375261289058443,0.6237594710577137],[0.7271809751653286,0.9219600784593491,0.35154422048145295,0.16437807393306203,0.4628738932977454]],"outputs":[[0.1288051117326836,0.8743488361191931,0.9461777281093291,0.18506731595952486],[0.952969395154242,0.29276105655695983,0.8337263458208564,0.9428341206119912]],"hidden":[[[0.396454381870458,0.4777014655123386,0.26921925601012164,0.08546052322114184,0.5941316973668671],[0.40773415062288443,0.18245256748402272,0.23356623021441125,0.5124982055040905,0.8436054357348493],[0.9332614274045452,0.45351682813053684,0.5277727839493036,0.15583572912998744,0.7931711283849501]]]},"b":{"inputs":[0.5183627513613065,0.5532393276604548,0.13599872358358334,0.49769431167209355],"outputs":[0.5774699067563516,0.4377682483658947],"hidden":[[0.2644911887500623,0.034435348572310565,0.5786860876375304]]},"l":[3]}