{"weights":{"inputs":[[0.08933757946018539,0.6500706522730997,0.3845128325303224,0.24912398337853858,0.1655566906064756],[0.7012043048545522,0.8483275159463923,0.9414365032380181,0.8683798577582749,0.15766224426999176],[0.3028420446190472,0.023666635390058754,0.6991656085851439,0.7240686488078529,0.48072545925158394],[0.5244625497757716,0.8206395527662336,0.6670312126475089,0.9837015609732396,0.9853458824511361]],"outputs":[[0.6183204453476137,0.4206427062024911,0.18047194038751102,0.7032335296854801],[0.9662189463781916,0.3058246418927877,0.4840636528538447,0.9171625676484676]],"hidden":[[[0.7521093479257683,0.9877443928985983,0.023078951216935817,0.1595665039868519,0.17826517336224357],[0.2196191621192478,0.39100716805104807,0.7601686314433473,0.08322236304991382,0.2627506478818682],[0.7645073190789569,0.9857586582191196,0.5853470145448321,0.6482262837163122,0.34906616927259493]]]},"bias":{"inputs":[0.8273150122239683,0.8479033690502416,0.16683433968756267,0.25972038552041954],"outputs":[0.6139457246315869,0.6755085151416611],"hidden":[[0.276548115176664,0.4641956339172433,0.8459483665498528]]},"layouts":[3]}