{"weights":{"inputs":[[0.38828011738900337,0.5789597552652779,0.8637241983891599,0.9033618106241548,0.34370556726191936],[0.5524355916429855,0.8248702506333876,0.9397521752955691,0.24161206268742563,0.6658591780442531],[0.6048545487791179,0.42519559792559636,0.09051993805629488,0.8380398767247321,0.9932781731826483],[0.6090426969579323,0.7761578131951652,0.287119611070183,0.05777793384535013,0.6747039670565895]],"outputs":[[0.04318305763549879,0.10334660737356538,0.2454727928852629,0.3803805390206254],[0.4618179588004758,0.254735549217314,0.48221150893652065,0.8619732131567484]],"hidden":[[[0.4708128887830605,0.29983202049719804,0.6066813302290754,0.7711882019040208,0.19011915071413688],[0.5805604812098062,0.3806964443574079,0.13228096288469615,0.7651123958948101,0.011699215105946958],[0.6762759150716131,0.8840424028633627,0.9020095850427541,0.36296707069370915,0.8449862502308596]]]},"bias":{"inputs":[0.1298569715412925,0.5244785457758208,0.9888181154763562,0.911242630258722],"outputs":[0.6267861276328679,0.9007293884899112],"hidden":[[0.9499141337976207,0.9619278396876907,0.23554790043567642]]},"layouts":[3]}