{"w":{"inputs":[[0.4868167042081928,0.27355507235070964,0.4605898464906695,0.13981735253254302,0.7397421662513899],[0.11399764264854939,0.03317662390633491,0.19561106265720785,0.7632813832408925,0.6046544381063472],[0.07878695499574717,0.873135523495399,0.5519003532343902,0.208815987881799,0.4784633607625115],[0.3267883404540324,0.06705758160125574,0.7724726173263969,0.5953349575116285,0.32656437218027756]],"outputs":[[0.9004108646756159,0.30549851512819304,0.39145122848547675,0.608431395762767],[0.8689388741390487,0.2895091512229482,0.7929367587682195,0.43369341564660235]],"hidden":[[[0.6229144005683402,0.7093544277584853,0.9585909702348108,0.4644528285183378,0.5701791111792571],[0.5964001655204834,0.96452702268612,0.13901403348861407,0.13585329131989,0.926024683192445],[0.5340311231024906,0.29523331852524093,0.3156647614113053,0.9290967393910714,0.07164733602015971]]]},"b":{"inputs":[0.9465475011407021,0.37287506073230814,0.5691645464031525,0.029188070664003307],"outputs":[0.2654606824134922,0.06201351813532563],"hidden":[[0.18012838870725845,0.2265488540895304,0.7043086434592081]]},"l":[3]}