{"weights":{"inputs":[[0.43587378413237954,0.49364415339018497,0.16570614280796225,0.5813084262757715,0.6816889472513058,null],[0.7921027266177675,0.7974148226910354,0.7819902615127801,0.44048511997619055,0.6676274211462936],[0.9906661215488067,0.40691271182112,0.8476428675337898,0.04974222029130959,0.5576931909781544,null],[0.42891740324089656,0.1385458058825706,0.747202143420832,0.38355578473346846,0.5366515733787705,null,null]],"outputs":[[0.8944229545185869,0.33685888275715375,0.8165428862833827,0.9089308993617634],[0.8643748267152791,0.7475609069321159,0.9772406998726076,0.10208100797039053]],"hidden":[[[0.1949026242334787,0.4894192974239134,0.03449540452490898,0.6753788068659758,0.06933341013746384],[0.842948963723812,0.2321957958481257,0.33390078465938616,0.6718027820437162,0.9032037313920515,null,null,null,null],[0.9176166393945611,0.374561192967049,0.1820243925405002,0.3523455692376895,0.752358626447426]]]},"bias":{"inputs":[0.3365614026063861,0.1840890160946934,0.8455836108211893,0.6075079357647243],"outputs":[0.45187048756285086,0.1267709277746886],"hidden":[[0.701159820367068,0.25941644940078573,0.06568333089922247]]},"layouts":[3]}