{"w":{"inputs":[[0.9910532088260056,0.0797193434270902,0.30322787237161,0.49493828129248785,0.9459319394540926],[0.16547761394469385,0.467289626578814,0.05755129397298453,0.735467860864889,0.9646108393887836],[0.03386906918262711,0.8387948823681224,0.850212100043026,0.5967484229201674,0.6684891211971697],[0.3998529463684468,0.6163405985681298,0.3377992632389082,0.6034295119475348,0.18866267234966472]],"outputs":[[0.07881885074210992,0.2445827760574213,0.1456803094470256,0.4928410181684557],[0.5290226246322016,0.2402664032226165,0.004719045969772129,0.7779335966256666]],"hidden":[[[0.9027749716538225,0.29874020320744776,0.03733270367818564,0.3166173013770852,0.09598419525829249],[0.5221023572666879,0.18995925366010624,0.9118609714151484,0.6145322179034898,0.8866391248364638],[0.119387556040504,0.8930728061037487,0.25763112635790164,0.4971601846743514,0.3336999315281781]]]},"b":{"inputs":[0.6436568555092099,0.19679751803256829,0.7907289949660565,0.19719381443824124],"outputs":[0.8571207859122321,0.5656254042414341],"hidden":[[0.1786381634147094,0.5946386370384,0.5870527784110282]]},"l":[3]}