{"weights":{"inputs":[[0.1791918792850793,0.41128489919616396,0.9504114944025173,-0.4978451252708176,-0.4416081197356505],[0.032113913714705955,0.8034146253882923,0.45439688530315125,1.9993267255928973,-0.1818386138372845,null,null,null,null],[0.8252882503000549,0.008234039349544586,0.6759584885284717,1.3605530123970726,0.6583229103161523],[0.5067719348860333,1.133735471769666,0.8504313643035397,0.2606910257427011,-0.09378805756909236,null,null]],"outputs":[[-0.4144200934415616,-0.13991819511137726,-0.48746136505438975,0.5682772191116778,1.2655925828132888,null,null],[0.5826851249573521,1.3305779817356593,1.8034654894620117,0.961639969418596,0.25176726683439243,null,null,null],[1.098073857629516,-0.12234486070701212,0.06062955176283591,0.10449662937013215,0.9406283295626325,null,null,null]],"hidden":[]},"bias":{"inputs":[0.017645580135140726,0.11104613896692483,0.03692224919357723,0.18999489003274972],"outputs":[0.17889494283245466,-0.7557137093843151,0.7516225877794602],"hidden":[]},"layouts":[]}