{"weights":{"inputs":[[0.5614863081422401,0.7857953711270258,1.1757076383883747,0.2124367149070796,-0.22350486467075248],[0.05182197428859814,0.7664219032259096,0.8847701993294781,0.24427270871373574,0.46567464253456925],[0.15592609324549533,-0.0021206030245586316,1.1482124300304966,0.5476422439200492,0.33180239498270603,null],[0.9853607281380832,0.6964161143832452,1.1388776924071224,0.6043841516153556,-0.14155896388390832]],"outputs":[[0.6456808890043917,0.20863031079345973,0.1408194844405175,0.5956325000423737,0.9899084902334663],[0.8002441897423849,-0.13151365608055388,0.557240298615558,0.5592238056802477,0.7995939476915057,null,null],[0.3830258776880615,0.22570802123230993,-0.2985148901410817,0.40595925935918564,0.04325034692954399]],"hidden":[]},"bias":{"inputs":[0.25490593500392,0.29387159022882026,1.1986794092202584,-1.152237482228985],"outputs":[0.6997410900413714,0.47728576212789653,0.24336901120135623],"hidden":[]},"layouts":[]}