{"weights":{"inputs":[[0.43715708374585205,0.49501617790286023,0.16412277749585272,0.5849551370119418,0.6831803537743424,null,null,null],[0.7921027266177675,0.7974148226910354,0.7817353140222681,0.44048511997619055,0.6676274211462936,null,null],[0.9888865217311067,0.4072071338942282,0.8470005263354381,0.05012243267363831,0.5558819062266801],[0.4293424526658318,0.13893519037048835,0.7462266802712386,0.3830131988294954,0.5366515733787705,null,null]],"outputs":[[0.8944229545185869,0.33685888275715375,0.8165428862833827,0.9089308993617634,null,null,null,null,null],[0.8636563038775794,0.746466694715751,0.9745467528624276,0.10308015432029362]],"hidden":[[[0.1949026242334787,0.4896292371183622,0.03449540452490898,0.6762342771356935,0.06933341013746384],[0.8420125512764701,0.2321957958481257,0.33390078465938616,0.6718028056631028,0.9030726625858865,null,null,null,null,null,null],[0.9162642181806682,0.3736127803606429,0.18263669411330383,0.3513597514187141,0.7526617431619148,null,null,null,null]]]},"bias":{"inputs":[0.337078376453762,0.18320825622721976,0.8455941159342721,0.6075079357647243],"outputs":[0.4528021531150683,0.12773153207763038],"hidden":[[0.7001296324531567,0.26050888901418245,0.06640077588073917]]},"layouts":[3]}