{"weights":{"inputs":[[0.891311923564907,0.37434046039026025,0.7356060005120446,0.8348753277428724,-0.05431273061400188],[-0.20514850137339913,0.9945019578756684,0.293047345331247,1.0796402710166522,-0.40265363470648086],[0.6519096231423795,0.42758412524783784,0.7545640651901662,0.35394004067371987,0.9750611553931461],[0.39744495366023735,1.09770964517787,0.8522632842189783,0.42958954471600386,1.3285365957124897]],"outputs":[[0.5401877431702737,1.2687750883888622,0.86465521262661,0.7145053948724973,0.38325988304811864,null,null,null,null,null,null],[0.5407901560372939,0.22482015632635632,0.6841742467542922,0.8270059341118747,1.3293342652285127],[0.2931178805842962,0.6172443165683097,0.30963843299723215,0.8432063121557156,-0.22440540737547643,null,null,null]],"hidden":[]},"bias":{"inputs":[1.218543920318046,1.0991769707069488,0.186132845301626,0.04109102680462473],"outputs":[1.152730541046418,0.9193044114430569,-0.27739994089635833],"hidden":[]},"layouts":[]}