{"w":{"inputs":[[0.288129664955592,0.4772219064734775,0.4837879758384631,0.30401690874068366,0.5615949333913919],[0.6818443107142105,0.2792666761506537,0.42189808875489865,0.5904922272137589,0.7166189580312627],[0.9451229028374042,0.03984143369032189,0.4771823430270179,0.15521517023924303,0.36258249665115216],[0.41699296711095113,0.004182595357522523,0.7266633497971495,0.8219215142539245,0.15887177715021106]],"outputs":[[0.06755139334325877,0.9061046496864884,0.702016600519541,0.03594031790876295],[0.5179381717938358,0.599148590632685,0.33215114307290516,0.9177679203804379]],"hidden":[[[0.7787812581917588,0.5738815245960798,0.026315478664636016,0.22142580030460124,0.8296929740555596],[0.568363498722126,0.48169687896885716,0.4990286161652491,0.25895318536149037,0.77961813986238],[0.8290352490509421,0.8363741054179297,0.08576854316941485,0.5130475007275321,0.33366013991827503]]]},"b":{"inputs":[0.3078086892672367,0.6259121784012096,0.09358989803028916,0.39626316097159875],"outputs":[0.31052787326832454,0.21674777486517494],"hidden":[[0.8638802358531408,0.8004766606065541,0.4104678485533031]]},"l":[3]}