{"weights":{"inputs":[[0.436707526633102,0.4928521277997881,0.16519168234813392,0.5842429391895214,0.6830325082155622],[0.7924123857328971,0.7974230290402794,0.7819902615127801,0.43986568896200334,0.6686318065387582,null,null],[0.9893872651662476,0.40729109096096633,0.8487121219253756,0.05070223969272085,0.556613236496959],[0.4308570950937554,0.1397253911362641,0.7448864581683833,0.38360398058676015,0.533975916639437]],"outputs":[[0.8945888278706468,0.3364255487099793,0.817946868649722,0.9124479387938607,null,null],[0.8628812643585491,0.7469520777741863,0.9741766964716403,0.10109651417561809,null,null,null,null]],"hidden":[[[0.19418335232022252,0.4891618172988817,0.03581415763107141,0.675177098219856,0.06933341013746384],[0.8414077873789881,0.2331619359201454,0.33501389555245775,0.6713683257620645,0.9027444416078486],[0.9154242504888349,0.3756762722951993,0.1842395653842174,0.3562531214378648,0.7547752914219861]]]},"bias":{"inputs":[0.33675271869151624,0.18485656506699852,0.8444003370458403,0.6068778753959408],"outputs":[0.45187048756285086,0.12627043579926556],"hidden":[[0.7000364682974938,0.26089625045170417,0.06638215055995465]]},"layouts":[3]}