{"weights":{"inputs":[[0.3929915072856649,0.6360327179465413,0.3054516215338441,0.04654969259059305,0.7307926414410668],[0.6294912503625005,0.20883031657002626,0.177633243442336,0.006412985157756124,0.11924585239552998],[0.9007527174414784,0.2911033939484078,0.6285382687952776,0.523322293665504,0.27307053141649185],[0.4769381503640082,0.7116539088926472,0.5642936026156713,0.7849537352769977,0.494998605315474]],"outputs":[[0.8920426614774752,0.8663792770207754,0.2655776964377097,0.9640911138780477],[0.12315199008387556,0.4119191332233192,0.8718076472169278,0.3182794299122622]],"hidden":[[[0.815947990650721,0.7518788670300218,0.9214717176654386,0.8472234384545785,0.4722885542423585],[0.31215601753856315,0.8929247301431458,0.4157696772468442,0.40948726373482924,0.6537270774323272],[0.6420331702070188,0.42785391996627253,0.2803361017674526,0.6185892542320008,0.43726264080039523]]]},"bias":{"inputs":[0.9204236643883656,0.02202708655929464,0.504658861874824,0.42674235656478476],"outputs":[0.12995652406496694,0.34971280869479116],"hidden":[[0.22204393132303113,0.26618854635628053,0.8712868518128218]]},"layouts":[3]}