{"weights":{"inputs":[[0.43700756173947225,0.4950473244875996,0.16415100892616333,0.5828330307829364,0.6825562594701052],[0.7916957385628445,0.7980695508346484,0.7823197223476094,0.44030464469797215,0.6704375512362459,null,null,null],[0.9899878993219882,0.4088011463198103,0.8506208502211646,0.05190419492403889,0.556559740026098,null],[0.4301348770522733,0.13951370890760928,0.7459565633415713,0.38473790754206805,0.5347558882218602,null]],"outputs":[[0.8944376388406418,0.33704643653877886,0.8185379912830858,0.9122834586448028],[0.8637045768899552,0.7458336465855853,0.9758774574106382,0.10203985650991006,null]],"hidden":[[[0.19442095775333346,0.49061666544169324,0.033962624648911165,0.6767908706260608,0.06789966923357374],[0.8414763198533222,0.2335267321940459,0.331931320762964,0.6731853772205152,0.9034541562315863,null],[0.9151275578369625,0.37612945388395796,0.182591442591161,0.35374759680169104,0.7549074229366007]]]},"bias":{"inputs":[0.33749637616016065,0.1842006849093765,0.35657340541531196,0.3416068812724113],"outputs":[0.4508523235823216,0.1278569888506663],"hidden":[[0.7036402373576544,0.26215493574279014,0.06532219910261139]]},"layouts":[3]}