{"weights":{"inputs":[[0.43715708374585205,0.4945605650875387,0.16562570498679294,0.5841601793024334,0.6826372162540865,null,null],[0.7919913090202912,0.7974093959425147,0.7817514758342354,0.4386546049691365,0.6670775333808021],[0.9906661215488067,0.40691271182112,0.848234736845173,0.04908174299337274,0.5568300531289554,null,null],[0.4283823341976947,0.13893519037048835,0.747202143420832,0.3830131988294954,0.5366515733787705]],"outputs":[[0.8940640182480936,0.336914769012059,0.8176829325863662,0.9098413216042068],[0.8635071737944683,0.746466694715751,0.9741378346969921,0.10203985650991006]],"hidden":[[[0.1951351873559393,0.48954948518629077,0.03635246615326047,0.6754904642377169,0.06820782478706133,null],[0.842948963723812,0.2321957958481257,0.3336247326241541,0.6711587490522325,0.9032037313920515,null],[0.9179390990508333,0.3752719890934625,0.18338834784033153,0.35264552057507503,0.7539275770117742,null,null,null]]]},"bias":{"inputs":[0.33770479986781926,0.18345682701400629,0.8466164182113886,0.6072495028451944],"outputs":[0.45187048756285086,0.1267709277746886],"hidden":[[0.7009175025625473,0.2613807574322444,0.06567898794942474]]},"layouts":[3]}