{"weights":{"inputs":[[0.9144650932413138,0.11085657007989937,0.060192871011971814,0.5407829738990939,0.0656638533400811],[0.8910345292825432,0.4999537108694343,0.7760397366521876,0.07071969813352516,0.5707093598129791],[0.9038265723856291,0.12353156795527157,0.8109253192028426,0.8997362285743554,0.5407919726525604],[0.14724221183693104,0.2855154624632973,0.5724026269619779,0.9460958074401273,0.5785831676042757,null]],"outputs":[[0.9016006043099515,0.514270997956569,0.9302050115365748,0.46727647856301535,null],[0.2568589434344008,0.8789807149848589,0.05866127547472316,0.36644036323627716,null,null]],"hidden":[[[0.2147268509194094,0.6872362053201377,0.34423208528945326,0.5741697726157787,0.12966244342303418],[0.699795333852546,0.21473300444140442,0.3484051800281443,0.9729707837828356,0.6854966363470517],[0.2051421151965683,0.8919040825363026,0.15782719728567282,0.4985205258059275,0.5178316729575642]]]},"bias":{"inputs":[0.8636265672607191,0.017099122537540073,0.18229138887149227,0.26245381537517404],"outputs":[0.3603601340148595,0.5558791361107753],"hidden":[[0.21728161752616335,0.20136435208548495,0.8479783703733685]]},"layouts":[3]}