{"weights":{"inputs":[[0.7041463293217036,0.9187755756311542,0.054597102508636475,0.1189773216938197,0.9132070648051032],[0.03425999186915396,0.8000260296906556,0.9930164006125186,0.008396423901362082,0.8180557759383742],[0.7363387723347052,0.08734795928180272,0.5996082136285446,0.3045841222227206,0.12740495964049203],[0.9810703022055496,0.42480656101260683,0.8116088345264527,0.19252351522252487,0.2127586799647514]],"outputs":[[0.6178372182970959,0.041840219686775315,0.02755995436309666,0.33318583165655613],[0.031907662516038604,0.2290940464857394,0.843393401902885,0.24954782169540168]],"hidden":[[[0.9047695823414612,0.3245185832663615,0.4642493800845009,0.22475681968320904,0.27260118565310143],[0.7117209044674544,0.26875039089654207,0.0716741707571853,0.3194484249360272,0.6684288072649425],[0.7229730103750462,0.40810434410289353,0.43517073818065666,0.7169133952847613,0.2137332058912118]]]},"bias":{"inputs":[0.5092981987488214,0.5241318444417702,0.3748489099316563,0.7994964404909191],"outputs":[0.5878295120487254,0.7178605105672919],"hidden":[[0.2834901390052458,0.22661103967381724,0.20799795979088698]]},"layouts":[3]}