{"weights":{"inputs":[[0.4368876284690213,0.49386974609396384,0.1654108724706454,0.5833957386753849,0.6829633284164407],[0.7930048118386606,0.7983114093335846,0.7809690151712119,0.44024128588312256,0.6685017081866709],[0.9915786686586624,0.40669385884149195,0.8483126624696975,0.05036182804049887,0.5581314829540861],[0.42889413262439274,0.13827694426706566,0.7454852773961002,0.3829959663194804,0.5367606721219044]],"outputs":[[0.894665906681025,0.3356605155973927,0.8184239586159158,0.909940517194356],[0.8642524045923965,0.7467801588797617,0.9760610516163458,0.10443641678251801]],"hidden":[[[0.19489147863183498,0.4909985080195673,0.034400900158240016,0.677939607556137,0.06785808397301131],[0.8405646807732651,0.23255013742208,0.33100674896225535,0.6747328081667049,0.9034541562315863,null],[0.9162740710148893,0.37477131723990653,0.18189161701478468,0.35270296076300583,0.7532871276570994,null]]]},"bias":{"inputs":[0.33873885994241815,0.1842006849093765,0.8455744469721955,0.34255409706962003],"outputs":[0.45247193039344774,0.12627043579926556],"hidden":[[0.7010466701307585,0.25916936522642814,0.06638215055995465]]},"layouts":[3]}