{"weights":{"inputs":[[0.43649601442759195,0.49364415339018497,0.16599555007544717,0.5813084262757715,0.682540520826892,null,null],[0.792340619693542,0.7974148226910354,0.7814504866340981,0.44006274861834865,0.6676274211462936,null],[0.9899103252544119,0.406111746254574,0.8478531269159806,0.048264750249497786,0.5560974823126895,null],[0.4283823341976947,0.13893519037048835,0.7469371679271367,0.3830131988294954,0.5372589811265981,null,null,null]],"outputs":[[0.8939722703910319,0.33685888275715375,0.8165428862833827,0.9094413324234647],[0.8628205169127694,0.746466694715751,0.9735400208399853,0.10203985650991006]],"hidden":[[[0.19452381233476684,0.4894192974239134,0.03422957119211065,0.6753292985170797,0.06933341013746384],[0.842948963723812,0.23167773442705464,0.33352111362931514,0.6718027820437162,0.9034698873832763],[0.9176166393945611,0.374561192967049,0.1820243925405002,0.3523455692376895,0.7526593657279745]]]},"bias":{"inputs":[0.33770479986781926,0.1835417604618195,0.8466587639524313,0.6075079357647243],"outputs":[0.452418648146273,0.12737068532430765],"hidden":[[0.7009175025625473,0.26000961754340846,0.06568333089922247]]},"layouts":[3]}