{"w":{"inputs":[[0.547530443195376,0.31352301768166635,0.5087371764338702,0.3601839439925292,0.51616532434878],[0.8525247453090443,0.19944164992255242,0.7802966099966344,0.37492390467493464,0.03434232067228393],[0.07437219758887137,0.5406951438080951,0.7501827076656025,0.19987976689220432,0.9285239700551777],[0.056733917914095766,0.6065208819561121,0.6111323770137074,0.8938518637042878,0.48509416762551716]],"outputs":[[0.9497711724685753,0.5547349863490898,0.6319299899482591,0.5074885276738275],[0.46787458236492196,0.0651892123973059,0.8364198385655646,0.7448485983687299]],"hidden":[[[0.51867508046745,0.43505346143007095,0.083356462599955,0.9847110949599303,0.6512744721744959],[0.3067521850267425,0.32680485062760223,0.786314044620487,0.7918073416289901,0.2909213726076749],[0.275630694368473,0.03766873136741089,0.553001873882335,0.5537775787724246,0.27156707007554726]]]},"b":{"inputs":[0.5434905629188194,0.4703462947003383,0.936036914959393,0.39878373813998036],"outputs":[0.7738330265585573,0.6532581195372922],"hidden":[[0.053018983242989925,0.6899591699137875,0.46949565678583305]]},"l":[3]}