{"w":{"inputs":[[0.5429548148668648,0.304050696435219,0.25898247972313015,0.053873104355919965,0.3483238622826448],[0.5220146542707447,0.7893715032634594,0.3767375109085771,0.08676201093802738,0.5797743653109382],[0.974044999675622,0.8477286971170817,0.3829899484356576,0.1368885920631262,0.6629223147165815],[0.08753958289729868,0.702544981721708,0.836198849035799,0.08070070635395732,0.6064973674045715]],"outputs":[[0.06606556796280505,0.16894223555858323,0.709077348892728,0.32708690112135574],[0.9565276640398095,0.612060569732904,0.9802118913683344,0.012844011086917906]],"hidden":[[[0.24355760667378767,0.5465715045741637,0.448805886660103,0.44876949254201937,0.6317148683130278],[0.12388109801494762,0.8471512191712636,0.2630479949790323,0.42811786970197074,0.37717321157427275],[0.175539522541577,0.5486014714128369,0.10745301870056889,0.042466580527073416,0.20014306339322885]]]},"b":{"inputs":[0.31499287395708886,0.5710454925881323,0.3386718956330126,0.9986310614180229],"outputs":[0.06848596228549919,0.14696733336915946],"hidden":[[0.623433229569482,0.7711500120101056,0.29925717774841165]]},"l":[3]}