{"w":{"inputs":[[0.23324949495380687,0.2274405012092906,0.027932236038639147,0.6789064827019771,0.30919580439463434],[0.41782965622267154,0.6474516055934845,0.09819732742049236,0.10145335329544958,0.3684592990781348],[0.2607092527250312,0.6277501542503963,0.37592709224963294,0.7032338154232696,0.012064894285959138],[0.6148532924479071,0.8755796693403144,0.9006467617242515,0.06814875511141283,0.19401574269986388]],"outputs":[[0.9178658532761212,0.57480332664072,0.7030916170646253,0.3005606138055068],[0.02748836985602221,0.6412391462255964,0.7209304110722026,0.9133697381654602]],"hidden":[[[0.6841927932367138,0.9190536455728444,0.8794467006868187,0.5680976658700725,0.47491280652762824],[0.08097388342789591,0.61335170490182,0.7862738073659341,0.04362068735815061,0.30689728494264235],[0.24323947746849361,0.020072643694964976,0.581481715953178,0.7254953566338807,0.5181475441274013]]]},"b":{"inputs":[0.22249042796529395,0.036415276263488394,0.14799933277598232,0.38431512639479815],"outputs":[0.2675538703524847,0.47890390502722346],"hidden":[[0.022846894934092532,0.450759834917136,0.6705744762481394]]},"l":[3]}