{"weights":{"inputs":[[0.43715708374585205,0.4939166241849262,0.16562570498679294,0.5833957386753849,0.6822193096787273],[0.7928548732368729,0.7991414179500671,0.7816539571931862,0.4398516054613226,0.669862970092225,null,null,null],[0.9906661215488067,0.40691271182112,0.8487121219253756,0.04974222029130959,0.5568300531289554,null,null,null],[0.42891740324089656,0.13893519037048835,0.7467195180972973,0.3830131988294954,0.5366515733787705]],"outputs":[[0.8944854561178777,0.33588876861961353,0.8196129899138201,0.909940517194356,null,null,null,null,null],[0.8643748267152791,0.7474348040833606,0.9761679196460353,0.10212887264697695]],"hidden":[[[0.19469492587981072,0.4897023076710661,0.033545308305096354,0.6753143768212833,0.06933341013746384,null],[0.8425474377176843,0.2332239265207008,0.3337198515399811,0.6723169416823591,0.9017858324311451,null],[0.9170270001384258,0.37477131723990653,0.1820243925405002,0.3523455692376895,0.752358626447426,null]]]},"bias":{"inputs":[0.3367651558777823,0.1851360179313726,0.8453911683786575,0.6068778753959408],"outputs":[0.4519363831694398,0.12782334453602123],"hidden":[[0.700470129739926,0.2589535177232112,0.06566723870847975]]},"layouts":[3]}