{"w":{"inputs":[[0.7513020199283722,0.848173992261041,0.5547689869290815,0.16953438693887235,0.4034591972008936],[0.8417605071354592,0.4402331040720573,0.45731009764894215,0.9890731608207779,0.6765612230086215],[0.8734650759578797,0.5080972274879638,0.3028415852934421,0.31231588573139324,0.6319556743889694],[0.7443414306244209,0.8840953117786285,0.1771341485068867,0.8876154006835093,0.8564805602112755]],"outputs":[[0.9670771076939553,0.05103541677955503,0.10402071493531162,0.28656687757528965],[0.277318878640175,0.8185444417003354,0.8112292570064648,0.7977621313738279]],"hidden":[[[0.9854168822567593,0.3967433453077478,0.2972468172472058,0.7809830780396387,0.9557591071086668],[0.10971597561347579,0.6829268433394693,0.8103652309065734,0.2746266259311938,0.007868400933639608],[0.004948430161068718,0.6860378707477688,0.18661099640685896,0.2444116165746133,0.751469768267284]]]},"b":{"inputs":[0.7489903911058784,0.21485888702472478,0.9221419372484889,0.8748455561789752],"outputs":[0.9622268755832004,0.9427097132006019],"hidden":[[0.16491577543084524,0.8746607636797845,0.5759197667005536]]},"l":[3]}