{"w":{"inputs":[[0.32220715627680807,0.23981370883263287,0.7503592650403628,0.9471525645401118,0.7173869040641458],[0.31859226756288606,0.050449647751399596,0.7974121645503558,0.9693115218842259,0.37438210512666603],[0.6587921053044441,0.22743826786777022,0.5328496691204727,0.310974956789287,0.46166534138244675],[0.1702249556192108,0.8412021638816956,0.013069433102778305,0.7412294828432902,0.39191255662616964]],"outputs":[[0.7014446565519514,0.46887481324462965,0.63154460848444,0.3287614662745726],[0.9432882264362972,0.4006685068548195,0.1813276685448073,0.4665410122917055]],"hidden":[[[0.7228690828456923,0.1633650210927653,0.3184847699015303,0.7006718590670136,0.1986870980120694],[0.8468939883453119,0.5035656578339074,0.4675193038416414,0.647485661919756,0.5767316357252963],[0.3565755044349299,0.5735140423148612,0.2285276645947807,0.04994933445252836,0.7967174185495352]]]},"b":{"inputs":[0.2734960376335649,0.5846839932565939,0.3564249044295742,0.020550503369172413],"outputs":[0.2467473176354813,0.4760584836388402],"hidden":[[0.6505181798535695,0.23060306793300178,0.2870986969323317]]},"l":[3]}