{"weights":{"inputs":[[0.9137474364776874,0.11098515398896264,0.05878805349844481,0.5422637587913138,0.06316855772044912,null,null],[0.8917193221043568,0.4982509238010809,0.7765689631834936,0.07192055421781138,0.5700369746635863,null],[0.9015851008136134,0.12350751458934443,0.8111628970563121,0.8982146616966503,0.5413819769540179,null,null],[0.14845367079203242,0.28411478386761674,0.5760231259889884,0.9461760980742152,0.5789120231729882,null,null]],"outputs":[[0.9032296189194732,0.51348652947728,0.9305649408764647,0.4677683548148654,null,null,null],[0.25728585946152666,0.8784580098186561,0.06000334684774974,0.36570318728626666]],"hidden":[[[0.21562109247746786,0.6877911057572168,0.3428113172857382,0.57256862272252,0.12966244342303418,null,null],[0.7000157397826404,0.2162065023665499,0.34870425380107156,0.9726186697000573,0.6864197471587605],[0.20747260071083282,0.893199712415556,0.1575747131267303,0.4993848168980202,0.5162164066682144]]]},"bias":{"inputs":[0.8640912898117712,0.014913118251700164,0.1813443614441904,0.2607862673251974],"outputs":[0.35898890818059676,0.5537761072877311],"hidden":[[0.21848786581670765,0.20119216615960095,0.8471485163642649]]},"layouts":[3]}