{"w":{"inputs":[[0.416313751101667,0.8470960060657702,0.6326427651417188,0.6810181517021539,0.26037104579910464],[0.9274648370364336,0.6408401587428565,0.7703251142352587,0.9204766970991145,0.13586938820813166],[0.5708485673883685,0.5600391401198792,0.07280779390657743,0.630111231315271,0.9378940295246023],[0.7211520002299858,0.5932490942689712,0.11372217354702996,0.2241143024219605,0.40515151325413856]],"outputs":[[0.13592467803005825,0.8460666639610785,0.11208002452627719,0.17217538026178092],[0.26795800556442484,0.6860414597975852,0.0975274062135627,0.6379853619723441]],"hidden":[[[0.783211007716172,0.39509561032123774,0.8270723509938209,0.9779487446071091,0.7614676220676431],[0.41159332893910716,0.5587712100346838,0.08594333133594256,0.570462826362903,0.9570355915851103],[0.6188106273282441,0.9930185947967074,0.8272901202378042,0.36872050394826794,0.1872103922275239]]]},"b":{"inputs":[0.7956835860312335,0.14991503302427311,0.8259199381921889,0.20843038981814832],"outputs":[0.7351594075564332,0.6131736694334802],"hidden":[[0.0771012347224076,0.24600238183815692,0.40708612922705134]]},"l":[3]}