{"weights":{"inputs":[[0.8771250133450341,0.5970436949907834,0.01100737424712972,0.1220875123399221,0.9425224876598755],[0.5055652025955855,0.25016403188137937,0.5276016794035236,0.6477920639302335,0.2202904943041073],[0.22390033940770038,0.48692087860481204,0.8230676147923537,0.7050278522277691,0.9626224106765278],[0.4775636914678125,0.7662150612000136,0.18429912374162716,0.6471899928555054,0.9319778049511593]],"outputs":[[0.8773618685647373,0.8381804779100526,0.9286668350545473,0.3325836337069479],[0.850460046266722,0.8335525230679783,0.3713037217123776,0.5134252330104792]],"hidden":[[[0.2538881313990333,0.6289634028574536,0.8437264587398341,0.058363895006865674,0.1782590033874898],[0.08760120168366203,0.44369176129942245,0.7067336289053079,0.1475612387151557,0.5361825200719992],[0.49266606640311617,0.45205754097392314,0.46139592120267947,0.965484973508856,0.6537793617845788]]]},"bias":{"inputs":[0.7967295729307622,0.26424448788311605,0.12967055389383142,0.011350363499514016],"outputs":[0.33433376651697744,0.40202951744083704],"hidden":[[0.1785191426974102,0.4245439845603316,0.5326886076958341]]},"layouts":[3]}