{"weights":{"inputs":[[0.9938964381374675,0.8437457773882149,0.4648190601860709,0.7935992722223126,0.9981375740829763],[0.4882609370381956,0.4199211797526241,0.8516550318374645,0.9192426816230499,0.8919598863584175],[0.9025599419452592,0.6350491047672515,0.39848512969619576,0.4904479647817803,0.1115399628101823],[0.3053556971115543,0.38269141623826064,0.634152345151519,0.8890667716542173,0.9871701953782022]],"outputs":[[0.49017138737214694,0.7302358802180997,0.912546492301145,0.43215188171270635],[0.27483141082876883,0.8533009579344695,0.43028463088588964,0.33443918869431366]],"hidden":[[[0.2650050455288271,0.7681265080135011,0.7454043370341594,0.55025208822486,0.5730545810530512],[0.17556630227562398,0.009822687484095427,0.391890818221434,0.543487557326106,0.7370990843762295],[0.17842299267902728,0.31288917193431787,0.7459202877762352,0.5376157059325577,0.10284487033983236]]]},"bias":{"inputs":[0.5933509801232824,0.8822179179706857,0.25890633824257514,0.15830331401491637],"outputs":[0.20756217954701617,0.6912855721963245],"hidden":[[0.8306785036792683,0.8493439914353633,0.5294541312628858]]},"layouts":[3]}