{"weights":{"inputs":[[0.43617963227845113,0.49478699829492406,0.16552527287387037,0.5825404663358532,0.6828658231172722],[0.7925781523302624,0.798895586418842,0.7814897872479607,0.44095153559333056,0.6685017081866709,null],[0.9893394804711123,0.40817789151346934,0.8487121219253756,0.05125771693897664,0.5587717283543856,null],[0.42951208767110366,0.1381065166076462,0.7467694666041391,0.38405915611170144,0.5356773957972513,null,null,null,null]],"outputs":[[0.8951435468360618,0.33734016498353975,0.8177496589330829,0.9101102867205974,null,null],[0.8648370265710705,0.7465694780642834,0.9764906284132693,0.10375195577964894]],"hidden":[[[0.1945597702197575,0.49002473080196396,0.03453216858880505,0.6752206461307274,0.06884728312808276,null],[0.8408381164662951,0.2319952245436336,0.3319448331597406,0.6747560471749606,0.9029522698634135,null,null],[0.9149074353331378,0.3763990420957068,0.18176824414430362,0.35280428800984215,0.7549074229366007]]]},"bias":{"inputs":[0.33771346048101314,0.1842006849093765,0.846240541972378,0.6068778753959408],"outputs":[0.4512892096302831,0.12627114742106132],"hidden":[[0.7012069577221356,0.2623055669792673,0.06578327647283416]]},"layouts":[3]}