{"weights":{"inputs":[[0.437535678653697,0.49447142360324964,0.16460806949917134,0.5817814919559784,0.6815743755686963],[0.7920615867731706,0.7985802547563873,0.7814897872479607,0.43997558336035214,0.6691661070774042,null,null,null,null,null],[0.9907918097614463,0.4067628912553904,0.8487121219253756,0.0495197683352367,0.5572826779927694],[0.4283749652108491,0.13827694426706566,0.7451996809972932,0.38362875040401223,0.5368666356056863,null,null]],"outputs":[[0.8952383005146504,0.33703724068658286,0.8182273497847774,0.9096593509223102],[0.8628434402306359,0.746789535868192,0.9738794181249278,0.10226001811075258,null,null]],"hidden":[[[0.1956229508053778,0.48916884568147273,0.03450203044191995,0.6760586515317167,0.06920138082017663],[0.8429398368385034,0.23283214598871937,0.3335464355480092,0.6718337515969652,0.903589734788227],[0.9165352939066521,0.3754893398058338,0.1833313524341593,0.35280428800984215,0.7549074229366007]]]},"bias":{"inputs":[0.33584150680651864,0.1842006849093765,0.8465503661083225,0.6068778753959408],"outputs":[0.45247193039344774,0.1269996830005608],"hidden":[[0.7009175025625473,0.25969947048582576,0.06651206313168347]]},"layouts":[3]}