{"weights":{"inputs":[[0.4352889410122932,0.4947386866159714,0.16648346649650395,0.5842573764550122,0.6840519197689651],[0.7922340201824284,0.7952643854909436,0.7797046965714791,0.43802390119732654,0.6664369696517466],[0.9904160474139819,0.40624766113400623,0.8476170176771859,0.050189522048343954,0.5562808794435591,null,null],[0.4310357170202503,0.13812434923719874,0.7471089590627221,0.38339500732114573,0.536144766969217]],"outputs":[[0.8944733028842807,0.33700284761280824,0.814622415770067,0.9096674591339321],[0.8621744442736503,0.7464554069877004,0.9758503813307678,0.1035779869784937,null]],"hidden":[[[0.19500860519864677,0.49062046555347,0.03403279655276611,0.6735830920186445,0.06968288079410846,null],[0.8410349017842178,0.23340538077422343,0.33251586486593643,0.6727173387080493,0.9015382307529556],[0.9171703030418535,0.3759053867488648,0.18084503108913078,0.35276676977297744,0.7523823903725247]]]},"bias":{"inputs":[0.33745757573393936,0.18539153847942935,0.84501755918483,0.6061463226247024],"outputs":[0.4496938363824988,0.1280624349670884],"hidden":[[0.700073687639524,0.25944509151432393,0.06802372751733726]]},"layouts":[3]}