{"weights":{"inputs":[[0.43715708374585205,0.49403606370135716,0.1655693171108479,0.5840255471222964,0.6831803537743424],[0.7919913090202912,0.7974093959425147,0.7819289970026481,0.4386546049691365,0.667781877772031,null],[0.9906661215488067,0.40622146423232014,0.8474744872239257,0.05012243267363831,0.5562677617795303,null,null,null],[0.4313659283224337,0.14213148529597203,0.745139900738999,0.38566423019992513,0.5338880509846231,null,null,null]],"outputs":[[0.894683401196268,0.33730733020346665,0.8168545709698469,0.909127305901929,null],[0.8643748267152791,0.7474289325410535,0.9762907176644855,0.10208100797039053,null]],"hidden":[[[0.1951351873559393,0.4900468791498444,0.03635246615326047,0.6754904642377169,0.06797307849500957],[0.8413930222980293,0.23310921139212196,0.3340477036602227,0.6733564232339017,0.9027885220742611,null,null,null],[0.917823382349645,0.37392043195637564,0.1820243925405002,0.3514751280017444,0.752358626447426,null,null,null]]]},"bias":{"inputs":[0.3365614026063861,0.18320825622721976,0.8442456252069609,0.6069944677278254],"outputs":[0.45130882468914607,0.12784474094789386],"hidden":[[0.701159820367068,0.2603691338629313,0.06592499312438298]]},"layouts":[3]}