{"w":{"inputs":[[0.6768577355428398,0.6526144072996023,0.8054539982642837,0.6401773120186312,0.12799910519691338],[0.511564083531828,0.8184977136869918,0.41389869598905316,0.03257816378824985,0.9286668086834502],[0.3029828928365297,0.11331150346827301,0.8163832435820344,0.2534207482211075,0.7770823439668797],[0.27349446085895956,0.6880736172922759,0.49847996958842744,0.6799239105447967,0.45226547524439464]],"outputs":[[0.5080946745771027,0.4056045305001783,0.009423746050043258,0.4203945604023238],[0.4191039015661331,0.7838548792675151,0.13603243957982203,0.4009125178180011]],"hidden":[[[0.44855718457725247,0.42007765260260177,0.1553428087722959,0.606198294110063,0.3901771196159505],[0.05840703452207796,0.06767580234360437,0.8025443213303713,0.22047357664166656,0.5382117476496628],[0.730686124915769,0.7520872049762284,0.6693878006380862,0.3627077015455513,0.2543049684561156]]]},"b":{"inputs":[0.710591273771191,0.21806451237270497,0.021294253872888858,0.2279265912955133],"outputs":[0.67186906117285,0.10955573751551517],"hidden":[[0.3067838644822074,0.14301540195235218,0.7442306950673063]]},"l":[3]}