{"weights":{"inputs":[[0.9144382718433905,0.1106604654864543,0.05911685505175143,0.5407095626733633,0.06304005000065938],[0.8914564205773227,0.4982509238010809,0.777125444214551,0.07192055421781138,0.5707147025665513],[0.9015851008136134,0.12350751458934443,0.8111628970563121,0.899061899622932,0.5420437590308689],[0.1481077892232991,0.28411478386761674,0.5767967892881226,0.9461760980742152,0.5781343161284641]],"outputs":[[0.9033802016105474,0.5160379221418194,0.9305649408764647,0.4677683548148654,null],[0.25772593498355134,0.879265400398885,0.06091403299811725,0.3674718426106155]],"hidden":[[[0.21562109247746786,0.6870073618201887,0.34349517167701005,0.5728323112694634,0.12966244342303418],[0.7000157397826404,0.21649450754035127,0.34809660229774847,0.9720093277143288,0.6869735396701407,null,null],[0.20650403217261418,0.893199712415556,0.1575747131267303,0.4993848168980202,0.5164989801089447]]]},"bias":{"inputs":[0.8640912898117712,0.014115678113046275,0.18211603200969564,0.2591020972391423],"outputs":[0.35898890818059676,0.5537761072877311],"hidden":[[0.21848634201670514,0.20047589256982679,0.8454007461602893]]},"layouts":[3]}