{"weights":{"inputs":[[0.43755176689573494,0.8759459103862766,0.04397792898342612,0.23543811504256618,0.8438026712635724],[0.8284686554389769,0.16914270556487399,0.7225550399235887,0.002342519852031044,0.3571646136051376],[0.33184396358580637,0.8669508021875338,0.2900897570559231,0.7687035252068317,0.5323802183160034],[0.30673875659767336,0.1529552197333841,0.2681061539467875,0.5615897680711088,0.8483749102827669]],"outputs":[[0.2830965518993869,0.3255026770507552,0.9276953464685809,0.7526242897995945],[0.32340679484608326,0.9997161730585054,0.3689271601286457,0.7732800077813069]],"hidden":[[[0.5659146936684343,0.22773854611778144,0.53537495151378,0.4717712269906791,0.3999937127224107],[0.41993498243820393,0.18079155478168674,0.19701128545206914,0.9652688525976483,0.23393816724092198],[0.7685817154365842,0.8489236059070151,0.2988815675941594,0.7253295313664267,0.27919216430058325]]]},"bias":{"inputs":[0.44035952052319516,0.45074146709496477,0.8825557847751724,0.027125451107318233],"outputs":[0.5419330577141412,0.11442508966904441],"hidden":[[0.8001491477909086,0.774068800121628,0.2450705813632732]]},"layouts":[3]}