{"weights":{"inputs":[[0.029951336816907537,0.907900603742871,0.18834335274627279,0.5157895436301698,0.012591639321576809],[0.3971628015868478,0.2706184129638758,0.1466927554670785,0.12516089622553106,0.10361994619111825],[0.648829032542019,0.2335234901578631,0.7523854757039692,0.7855533643487529,0.1318908133583494],[0.959446171009041,0.4503162519638477,0.7668561744143001,0.7587218946542904,0.5868633290113972]],"outputs":[[0.20043040697115777,0.32198190520204273,0.01590488581962357,0.5587579134244651],[0.8189234063138138,0.5219015340718147,0.3188661769780232,0.18363480139505595]],"hidden":[[[0.46045403705927335,0.8478686946548941,0.9509736794426948,0.9358000635645312,0.2736375762002563],[0.8585866547797967,0.29073721213887693,0.7791934427144991,0.2581703380694722,0.6034047753459804],[0.7448564027341247,0.9337588756262756,0.6913272754221829,0.9918137664001585,0.8052207803264615]]]},"bias":{"inputs":[0.3984178249443613,0.42568219678609887,0.4206403260785887,0.013374872429613882],"outputs":[0.8637018571180164,0.9397845962604927],"hidden":[[0.4914069353057635,0.040481146103099164,0.9703046828512902]]},"layouts":[3]}