{"w":{"inputs":[[0.9628310539042488,0.9169603094443755,0.3404880037411442,0.8759830511318563,0.3706426824600897],[0.7113691860231703,0.18653223586366763,0.962397397601259,0.28276640063377534,0.6640438847373422],[0.3297946958755831,0.2980304379315275,0.22189620010871036,0.22534396283666203,0.6837129342846913],[0.8928538913443187,0.11229677623141066,0.41690123662240564,0.43192203318752376,0.7515346164059913]],"outputs":[[0.32593878361376416,0.46109004725377356,0.7889833936695507,0.24937022567771527],[0.31369386706046787,0.6842248225366876,0.8461690575793828,0.2444385567862719]],"hidden":[[[0.9078294500174828,0.23734478736412168,0.5214033516509384,0.3977057774071422,0.8445181030555977],[0.08745254792867341,0.43190531352786476,0.8112256998856493,0.14434644121790896,0.09856204853515771],[0.08530601183686337,0.2805822150714008,0.6608081263189873,0.39621372609951355,0.5173478984214097]]]},"b":{"inputs":[0.6408889903895651,0.8194504588957743,0.5591194868092697,0.9212570997156619],"outputs":[0.5306483009396958,0.404169209040365],"hidden":[[0.2882288751565456,0.039397813948249594,0.517878850824981]]},"l":[3]}