{"weights":{"inputs":[[0.9145157779427845,0.11259159181103767,0.06029344007694231,0.5421306342517959,0.06195368608557338],[0.8913909249621113,0.49707337374442645,0.7770702226003707,0.07149438975648179,0.5693335335933741,null],[0.9018407237034937,0.12332855544560256,0.8087009934786488,0.8998336157243724,0.5421321879701472,null,null],[0.1481077892232991,0.2847633237259829,0.5750618003597824,0.9469577448539939,0.5797457581569206,null]],"outputs":[[0.9026159688891426,0.5144817626053946,0.930268906755489,0.4680763673109806,null,null,null,null,null],[0.2580926223783944,0.879265400398885,0.06103294574648768,0.36712616360021,null]],"hidden":[[[0.2154436948335479,0.6868950766440728,0.34372979297276157,0.5728111669329369,0.12966244342303418],[0.701085034397222,0.21649450754035127,0.34914188434954274,0.9712517734805741,0.6858448513190617],[0.2044978578147969,0.8919040825363026,0.15782719728567282,0.49926092615923806,0.5178443793206744,null,null]]]},"bias":{"inputs":[0.8638324008172111,0.01565576626029397,0.18221325166755692,0.26129808960515855],"outputs":[0.3603601340148595,0.554031169542603],"hidden":[[0.21848786581670765,0.20176648682849344,0.8483325696597638]]},"layouts":[3]}