{"w":{"inputs":[[0.5319444890770468,0.9281812935194484,0.49666787876938967,0.18633775835310318,0.007548368885791801],[0.007097734897430152,0.8837704934624526,0.9078744916232164,0.4220407764739167,0.6891395667549223],[0.01577268910138052,0.9325780634398635,0.04487575617440909,0.33620378481999813,0.8445802063529082],[0.6201085777945685,0.2199693207289477,0.9536496077742553,0.030548668482642594,0.8827285931888436]],"outputs":[[0.8417857209996726,0.7889726297052664,0.33155896290450526,0.36697490030995294],[0.7429468444713869,0.7726710077299459,0.08478891308264003,0.25767433439862586]],"hidden":[[[0.9529898760718605,0.6329896432107549,0.014786892206208213,0.030411881807489438,0.14019448937083134],[0.5127159492579789,0.2338061038249275,0.22998207942980486,0.09430850845726546,0.7312090553729873],[0.49412822677115664,0.5188270455753732,0.18217928749517553,0.3110919850859508,0.7668023372177524]]]},"b":{"inputs":[0.6350283091067186,0.8995141887215705,0.36399833905856016,0.7636770023285475],"outputs":[0.1703783532798686,0.28727927810509346],"hidden":[[0.3405014915815423,0.5242341027332293,0.23380165033631095]]},"l":[3]}