{"weights":{"inputs":[[0.4365137426324282,0.4959895891720905,0.16549021485568766,0.583473167829973,0.6830199900426596,null],[0.7935695354736018,0.7980987679796134,0.7807195945534251,0.4386546049691365,0.6678482214000694],[0.9917727312066221,0.4056145223769707,0.8471613600507049,0.05180279803811303,0.5542879018661184],[0.43112277785982156,0.1394673492914377,0.7468162955650295,0.38265848588937884,0.5368654169772102]],"outputs":[[0.8947288939350577,0.33677992752662483,0.8159434996391859,0.9089173896599466,null],[0.8622174019342317,0.7470067389094638,0.9739433845993216,0.10510286021090785,null]],"hidden":[[[0.19478677945231368,0.4885828154311352,0.03396179070038576,0.6742374804881953,0.06950101311745921],[0.8412232531685312,0.23340538077422343,0.3333473056071786,0.6711408545770886,0.9024328785906384],[0.9165825797882451,0.3742697848173254,0.18327716702567107,0.35205217923646864,0.7523557666265316,null]]]},"bias":{"inputs":[0.33782401292006103,0.1825757649265305,0.84501755918483,0.6069955692761295],"outputs":[0.4491925508193716,0.1264563436003492],"hidden":[[0.6997834048619913,0.2590233101629912,0.06635050222289224]]},"layouts":[3]}