{"weights":{"inputs":[[0.7721694409352018,0.4924720040523687,0.41862028473625257,0.982272430630043,-0.18574588762405564,null,null,null],[0.059661220939823956,-0.7957475586159988,0.23401708243966812,-0.06369042949282866,1.1467645628616192,null,null],[0.20824787036813275,-0.4971393853417454,0.8370634815279165,0.45772394140478734,0.09972993382854667,null,null],[0.45440599350466937,0.9830927877965419,-0.18431416703574377,0.26561784960801216,-0.04984194620920657,null]],"outputs":[[1.268293244447759,-0.014479855503813921,1.292120766884063,0.7610693207647647,0.3955533276276171],[0.6913498490782537,0.27560117420240093,0.36198854911409795,0.6716250560204731,-0.20955284291039034,null]],"hidden":[]},"bias":{"inputs":[0.4995990676419011,0.2619988482593567,0.641378282488414,0.09142039225149512],"outputs":[0.7562646021673733,0.4987008353050473],"hidden":[]},"layouts":[]}