{"weights":{"inputs":[[0.4346486605284009,0.49439780396188165,0.1665487116639404,0.5832968047493208,0.6854154387007401],[0.7936052478513805,0.7966111913056811,0.7817265662661481,0.4398072386219528,0.6692313243161224,null,null,null],[0.9922389380017287,0.4067974268096369,0.8477844695646181,0.050189522048343954,0.5566765235452167],[0.43084783702566576,0.1388499814653776,0.747532364906672,0.3817013552708004,0.5360111596661165]],"outputs":[[0.8943601914555095,0.33833807013690315,0.8166962282743692,0.9098672775245792],[0.8616336813534401,0.7468326294908477,0.9734138772093069,0.10656222828659875,null]],"hidden":[[[0.19420936758739724,0.49009221067651765,0.03482558076540545,0.6726798410018204,0.06877298754817533],[0.8410793618351063,0.23250533196130513,0.3338824907452264,0.6719283773994499,0.9033116582876871],[0.9161058010225417,0.37720075735353376,0.18259838020639135,0.352768308456643,0.7523823903725247]]]},"bias":{"inputs":[0.33726921150607786,0.18291762366259895,0.8442832987862071,0.60533064696449],"outputs":[0.44848991033409874,0.12764762873219068],"hidden":[[0.7006724674168533,0.260245810741804,0.06672959468105322]]},"layouts":[3]}