{"weights":{"inputs":[[0.4364332276259636,0.4959895891720905,0.1655693171108479,0.5829855927958818,0.6830199900426596],[0.7927202576396932,0.7957702011635406,0.7800797417433205,0.4378057549352983,0.6682984026347667,null,null],[0.9898978197480525,0.40624766113400623,0.8467897772974622,0.050251951918296796,0.5556403851896132,null],[0.42961908484829947,0.13909098165782957,0.7465026774911971,0.38265848588937884,0.536144766969217,null]],"outputs":[[0.8941347707905188,0.337949971708475,0.815972759630942,0.9090350593933815],[0.8643748267152791,0.7474583414363254,0.977134350366575,0.10208100797039053,null]],"hidden":[[[0.1961590922390265,0.4894192974239134,0.032805290173256264,0.6752696119846674,0.06931663989887464,null],[0.8411847065835258,0.23340538077422343,0.3333473056071786,0.6720992045600601,0.9023153092390984,null],[0.9168607197977205,0.37581327943079135,0.18106994065359658,0.3527592391712919,0.7519134137627129,null,null,null]]]},"bias":{"inputs":[0.3368710665911009,0.18413430897308491,0.8453911683786575,0.6069944677278254],"outputs":[0.450357260696944,0.12635678442826012],"hidden":[[0.7001335594402597,0.2597150422201338,0.0662276191387497]]},"layouts":[3]}