{"weights":{"inputs":[[0.08181059589919326,0.8125202723976839,0.12909369334567145,0.8638661761722253,0.624210344909722],[0.13463256501316434,0.20231807363966747,0.20237706571384861,0.9382063061457708,0.19459253815416244],[0.08135678234337163,0.8809502698315685,0.23183307647686568,0.6048245725180592,0.8273671290019482],[0.6612289599827592,0.3023790858164517,0.5102044388700928,0.5638795669108843,0.8372931316630434]],"outputs":[[0.27999527232465704,0.5941957642703197,0.6721108658929804,0.3002043473920495],[0.367459327608334,0.22656581776839935,0.926346906346502,0.04921507419410931]],"hidden":[[[0.20307545872561605,0.6808031556342542,0.5036600000789386,0.521093867399155,0.7300280600327727],[0.6976973153611861,0.2187207674771241,0.08272915101355327,0.14877183954707607,0.9827965384280761],[0.13514545112644671,0.7042698556030071,0.19568402822885078,0.01857704819851569,0.7974398386364514]]]},"bias":{"inputs":[0.34603897907272607,0.9269607156529616,0.6785264206561596,0.9763641057422554],"outputs":[0.39873223112889145,0.0623689939764811],"hidden":[[0.6558342459349031,0.20635044488555776,0.7072572853979586]]},"layouts":[3]}