{"weights":{"inputs":[[0.29917083755704366,0.1293295004055972,0.0628149799803055,0.7249214717270351,0.5996798356999284],[0.037920971692172234,0.23607382574924896,0.00752099728826594,0.854873877897528,0.6604090552360828],[0.12912950992611938,0.1928142671631241,0.7943107219481307,0.3408956242764971,0.31430009149821747],[0.9934237371378123,0.5982417198840169,0.2963007949250751,0.5588575330426275,0.2694172841263138]],"outputs":[[0.23558196634622774,0.41909037665230087,0.27740798579389003,0.6820903814970936],[0.029776220974359724,0.6044457813632695,0.11093348996500696,0.92527965564532]],"hidden":[[[0.6517634036597657,0.811352866720348,0.39445796647737263,0.24993916100481073,0.7270925767550807],[0.7267733951050479,0.03439789195892362,0.7665380931497245,0.00523450600405484,0.1393855933250101],[0.8260497393967678,0.23514249754846395,0.1424606716252257,0.5108037436735098,0.28178464193429864]]]},"bias":{"inputs":[0.7235260941692927,0.9375154897670521,0.8880561701952447,0.12503644562343696],"outputs":[0.8682215302179894,0.7732014805641436],"hidden":[[0.12042362017841124,0.35726518993687506,0.8243577051479463]]},"layouts":[3]}