{"weights":{"inputs":[[0.4365792367276229,0.4944159849733922,0.16541027596475322,0.5842429391895214,0.6838686051555118,null,null],[0.7928669954873306,0.7988453022328834,0.7796376549066226,0.44037352327283097,0.6680062316861666],[0.9902807479134829,0.409498397631039,0.8506208502211646,0.0516567988651717,0.5568115549394822,null,null],[0.431041832088845,0.14145564702634136,0.745139900738999,0.38455401510698584,0.5333790541617783,null,null]],"outputs":[[0.8944972006585353,0.3361405139254292,0.8189643721909801,0.9117855692482849],[0.8640736504762101,0.7448577791855285,0.9766117470866921,0.1026937107176356,null]],"hidden":[[[0.19425636054816942,0.4893847461385978,0.03708415119237891,0.6747780877406174,0.06886372767784732,null],[0.8413930222980293,0.23360822140797075,0.3340477036602227,0.6724504742307723,0.9017623310265156],[0.9145467071738165,0.3751530013162404,0.18499874728134444,0.35646189045447724,0.7558147438454729]]]},"bias":{"inputs":[0.3394841076458353,0.1842006849093765,0.8453911683786575,0.6065918562854626],"outputs":[0.4504284092971841,0.12521501092270834],"hidden":[[0.701159820367068,0.2608280552183692,0.06551214082367972]]},"layouts":[3]}