{"weights":{"inputs":[[0.25408003010992397,0.5563465917479713,0.05915781977158541,0.7597906888288122,0.9196596486108932],[0.6660650772610679,0.8937449856078312,0.05076144252397996,0.03480722120887547,0.6710868396168823],[0.1661302444605608,0.661057552221052,0.13188810494103143,0.5958634776431178,0.08837433259200633],[0.3236396097063332,0.9076801025826036,0.6394398170151936,0.700938437654816,0.6237734012277187]],"outputs":[[0.5151675649779062,0.13289324699536054,0.608574868638567,0.6859786162733237],[0.7595326788889352,0.9968812705954868,0.16794050897926205,0.40285161068410624]],"hidden":[[[0.8639046337250231,0.06367830813200026,0.07465924116494782,0.5194063774965312,0.8475613198168708],[0.677377839591345,0.5681242544326894,0.20198778090322222,0.18181899753423725,0.907198061945917],[0.2417778195391127,0.4636778566982038,0.6889144902933493,0.7802353008014977,0.715125844185192]]]},"bias":{"inputs":[0.2161437219920197,0.4379693758972718,0.32453789473632644,0.7373639649081274],"outputs":[0.9862259707057968,0.5368007948361284],"hidden":[[0.15254977685285098,0.820899072517532,0.49635210916012196]]},"layouts":[3]}