{"weights":{"inputs":[[0.9137474364776874,0.11125242095753991,0.05878805349844481,0.5415559243230407,0.06316855772044912],[0.8917193221043568,0.4977895561472159,0.7765689631834936,0.07192055421781138,0.5700369746635863,null,null,null,null,null],[0.9018894542723973,0.12294975193919667,0.8114161412972685,0.8986464515700125,0.5405062113296248,null],[0.1471518788276687,0.28480078512022305,0.5768545407417653,0.9461642031290018,0.5789890316781232]],"outputs":[[0.9031698154609947,0.515543972803968,0.9293089517955752,0.4675474462775966,null,null],[0.25791656414996655,0.8799925446185868,0.059079067980587666,0.36570318728626666]],"hidden":[[[0.21562109247746786,0.6872130974284527,0.3428113172857382,0.57256862272252,0.12966244342303418,null,null,null],[0.701366165387126,0.21731198716967542,0.3484116772879549,0.9710569536184763,0.6877019882377],[0.20549005034915144,0.8926911007616615,0.1574146920428844,0.499667425465371,0.5164207497146852,null]]]},"bias":{"inputs":[0.8637417303092386,0.014662761969165444,0.18200885128113492,0.260095365592653],"outputs":[0.35898890818059676,0.5546310535301514],"hidden":[[0.21848722741671983,0.2011106817563696,0.8471485163642649]]},"layouts":[3]}