{"w":{"inputs":[[0.18302144776028317,0.24062957112092986,0.7278397498836287,0.2766811494384964,0.056225958337055904],[0.4467663560646782,0.8220518793189877,0.3217322745434035,0.8083109011670759,0.3307587823551701],[0.9587471011073854,0.31423449155091276,0.5222155267845219,0.3584112836118085,0.6473106362306045],[0.29640702493666926,0.6349345549618493,0.6441467776167626,0.7444241361225394,0.5377172327727127]],"outputs":[[0.08953233874624167,0.7059429200070295,0.48018343956445997,0.5120288451844495],[0.18817909693238666,0.19957439324463722,0.9072788340782179,0.7314988420926933]],"hidden":[[[0.5551381601775704,0.634895510517163,0.7322327838346276,0.41041930735932963,0.5356749454389997],[0.5772575588743905,0.020533913285937233,0.17917469236787653,0.9161784308115122,0.5892288699566401],[0.32073289098784685,0.3909054259802587,0.3615743779766214,0.688588170165547,0.48344389880825367]]]},"b":{"inputs":[0.5387759759222233,0.6671421679116625,0.6603694682711836,0.6899271504571334],"outputs":[0.7666763112592048,0.7701893144156302],"hidden":[[0.5151127834510669,0.48593918957533444,0.41531351157265006]]},"l":[3]}