{"weights":{"inputs":[[0.1122975071359511,0.9031431456409054,0.801393628579101,0.711264351852595,0.7599755422046501],[0.292232484431725,0.7750226089125383,0.4159959484820315,0.9198345562937247,0.4508640692963195],[0.5341426454175779,0.8636915477730709,0.7611115965360902,0.0016130670404952419,0.33255540201030787],[0.1765781491781515,0.036741076922727434,0.3721941105103308,0.640844730135002,0.06287746904401526]],"outputs":[[0.30457405893605305,0.6401196358783754,0.22362612532407744,0.9966215081667573],[0.31838352162445127,0.10164403165904412,0.6357993946863933,0.6767973220754031]],"hidden":[[[0.2642880636837057,0.06878781111627386,0.7476086540956137,0.6373961010883216,0.7835782814204482],[0.6707778537323315,0.4733791657002746,0.26831823293448287,0.6108704437937293,0.7276909795816275],[0.9125573596587608,0.6466784960844048,0.275686476868535,0.05368988792152374,0.28801816531334157]]]},"bias":{"inputs":[0.6487343449795657,0.30175033279991825,0.7388580796149062,0.6289523570210178],"outputs":[0.018433825741164922,0.13740713666558335],"hidden":[[0.2187508738937698,0.9320334466391105,0.6769976535986748]]},"layouts":[3]}