{"weights":{"inputs":[[0.35502315351310587,0.8669797541483522,0.17891920958225782,0.4313560900783311,0.14052627694945374],[0.1793928944611234,0.8311285306479317,0.5819356245296674,0.5735192071860904,0.6469555767125892],[0.4048077792699454,0.5030338221241812,0.387639132727849,0.6996044166175279,0.6291227707501663],[0.3015101982353907,0.144312065083249,0.48003752477700123,0.6161540470816229,0.08551252428521083]],"outputs":[[0.408616251665032,0.573263668208911,0.2803774001427468,0.6270903271588262],[0.3749836382488245,0.9780544539244327,0.8418063786896195,0.933498986767026]],"hidden":[[[0.3138160284132252,0.7994393487541775,0.1883337105088394,0.34507047899920074,0.21010174704914064],[0.12343808555110036,0.7493900938506162,0.888750107611624,0.2567401105094138,0.016740089800244107],[0.08421751274048894,0.6616010179897538,0.16174326123465965,0.45311831613114983,0.7826054692077686]]]},"bias":{"inputs":[0.9114587588005982,0.6566420578968584,0.2982710878216639,0.26506760022322307],"outputs":[0.7623572983373696,0.25013194533507743],"hidden":[[0.8139285991320391,0.9225063857815083,0.9411342308448989]]},"layouts":[3]}