{"w":{"inputs":[[0.35267367624636425,0.7334823499753043,0.9018500467666895,0.5033121108694272,0.018890081087768573],[0.4793891161056303,0.08442190525125781,0.3335568713663324,0.5735577825770639,0.48625841772498],[0.6323434183193695,0.5738990595581814,0.9265525381153419,0.01537828669936303,0.006236801832768313],[0.5662281392265245,0.5186977863473232,0.862518676813609,0.795123522796249,0.011314756908211043]],"outputs":[[0.3778153883003261,0.007295931172817349,0.8821171240203278,0.4299717523977631],[0.10234973400190883,0.13767398262365704,0.9580405150406857,0.29998952355124975]],"hidden":[[[0.18318886837737192,0.2414179695354033,0.3203279676497084,0.9792108113553737,0.6894238058354929],[0.09240896067408189,0.18140976980882106,0.7839513191399905,0.19743436357569588,0.2025378677256635],[0.5781041744989359,0.5415458297701021,0.9518002221460184,0.6810878022641558,0.49273237755492594]]]},"b":{"inputs":[0.7674095335055511,0.14110521897309036,0.313526344974562,0.4027707077233915],"outputs":[0.6817466160953309,0.2055147331729339],"hidden":[[0.2975309997272271,0.4406701065111134,0.23135008953615355]]},"l":[3]}