{"w":{"inputs":[[0.9186424227950372,0.6116763752504288,0.9625509069126001,0.18530045296389885,0.4693721820518004],[0.9052976404765392,0.21636191565623908,0.7671164936303301,0.3206597226144956,0.8001305154483789],[0.5090312394915926,0.20974440123826077,0.8554720037112344,0.12757795946017403,0.4822307559430281],[0.9835697104750885,0.2355103456141816,0.340949636387635,0.2913649431491041,0.4039732754992986]],"outputs":[[0.7226719748830184,0.939985677223929,0.9529404980043212,0.1988486873584634],[0.5042137286710935,0.9359611825799401,0.30943645524650454,0.848258782937773]],"hidden":[[[0.6255647562078726,0.16205227080670115,0.4521260328861305,0.7713229319652419,0.025111776739196845],[0.11972136558603808,0.6986967856141477,0.0641221414322708,0.2581812018397076,0.4612989749700016],[0.6300948109437936,0.3243693537888863,0.23829335299750976,0.5480354858585441,0.3625583416971425]]]},"b":{"inputs":[0.9548537696567729,0.48198077503672754,0.849930002236609,0.7060196000092482],"outputs":[0.9129904632838519,0.9312835550443987],"hidden":[[0.5012191054242543,0.7323111903976014,0.7118415233136548]]},"l":[3]}