{"weights":{"inputs":[[0.748265186524996,0.7480619163587368,0.3647916454593791,0.6952064201658246,0.9798347820454918],[0.656944234794949,0.175219132976979,0.3489942198918509,0.7229584715144969,0.9276832062433213,null],[0.42112289470437,0.17304432912575907,0.4856537331457993,0.7399951615216593,0.13330174409654472,null,null],[0.8632232364284124,0.1269124936309849,0.5700749945127079,0.3530051857730486,0.433346181954537]],"outputs":[[0.7865885890223485,0.18766708804521803,0.08528284062032185,0.4361033207392768,0.5045034538538644],[0.5983199465623606,0.04245912775855578,0.7997492629520246,0.41322688960062154,0.5655844186778258,null,null],[0.5613195975223433,0.30491416147999856,0.5521124274582457,0.20841040843818792,0.40464871423005044]],"hidden":[]},"bias":{"inputs":[0.5593939378368573,0.8867081847024034,0.2377612672597682,0.43925659724332944],"outputs":[0.38656120661501037,0.37555787161078436,0.01714397304459079],"hidden":[]},"layouts":[]}