{"weights":{"inputs":[[0.4352889410122932,0.49471663610045546,0.16648346649650395,0.5842573764550122,0.6840519197689651,null],[0.7923232951202902,0.7952643854909436,0.7797046965714791,0.4382596573630863,0.6664369696517466],[0.9894635490387665,0.40624766113400623,0.8476170176771859,0.05065124180526019,0.5562808794435591,null,null,null],[0.43091508867712675,0.1379134884655994,0.7466578249767303,0.38339500732114573,0.535492120308043,null]],"outputs":[[0.8944733028842807,0.33563101077937807,0.8151647150405968,0.9096674591339321,null],[0.8612099330969181,0.7464554069877004,0.9761813179497664,0.10358181209940377]],"hidden":[[[0.19500860519864677,0.4904012962080103,0.03403279655276611,0.6739207890360045,0.0688286492408186],[0.841471381752687,0.23249538256194838,0.33381463217809315,0.6714068937479628,0.9029594274999898],[0.9171703030418535,0.3755588457043592,0.18102093387346746,0.3525987712554397,0.7530679340537473]]]},"bias":{"inputs":[0.3382589172508661,0.18539153847942935,0.8451140536712584,0.60533064696449],"outputs":[0.4496938363824988,0.12847867681515318],"hidden":[[0.700073687639524,0.2592230658829039,0.06842329995105895]]},"layouts":[3]}