{"weights":{"inputs":[[0.43506016959865834,0.493681200536868,0.1657338538881765,0.5839261883129431,0.6849197490544965,null,null],[0.7938714736690407,0.7965189552549526,0.7808594281379492,0.4394478449695867,0.6687215621834401,null],[0.9912963182781724,0.4055920781889758,0.847807202483273,0.05260868036359173,0.5551568756214683,null],[0.43112277785982156,0.1394673492914377,0.7483467381594747,0.38265848588937884,0.5369789739748502]],"outputs":[[0.8951885938598012,0.3383645672964783,0.8155558819786116,0.90865604322754,null,null,null],[0.8614968219646857,0.7468326294908477,0.9739433845993216,0.10595599790420389,null]],"hidden":[[[0.19574763448232885,0.4885828154311352,0.03439623484332863,0.6757946767207227,0.07027984539840948,null],[0.8421887560175797,0.23123947456346045,0.333041610252895,0.6712995031395188,0.9035858255097123],[0.9162761130854362,0.3735084297531515,0.18324580113138036,0.3518423255560923,0.7524049175370912,null,null,null,null]]]},"bias":{"inputs":[0.3367695336653436,0.18482972738573314,0.84501755918483,0.6062929446533755],"outputs":[0.4493224035831474,0.12661819912072608],"hidden":[[0.7009812100959811,0.2590705555226768,0.06704361683867341]]},"layouts":[3]}