{"weights":{"inputs":[[0.04335339490437762,0.9395273940602065,0.1470659706524955,0.7347989722468644,0.23977826125202872],[0.9716991128724612,0.37254849997814743,0.31339241449370214,0.8707957217587354,0.9729249899922345],[0.5178966769995996,0.5541219516958324,0.8492176625283252,0.027746109295953003,0.8485173780221233],[0.38550975680953137,0.4813044795932513,0.5387862398205312,0.32039817995605446,0.31745965265817033]],"outputs":[[0.26061469108506863,0.847061255999201,0.029765536402280635,0.9938531121255745],[0.21595053051465518,0.36345716987911425,0.8084777689008855,0.4248411520760662]],"hidden":[[[0.35744530270189223,0.0730730030483846,0.7487485359712325,0.13703203425130672,0.33390483715399344],[0.9308885288918123,0.11572929541364374,0.8465233874631486,0.5910658691946766,0.546363195155213],[0.31912659281238187,0.554240049812617,0.44650199297300697,0.5646361353156029,0.8032419929442378]]]},"bias":{"inputs":[0.09434067403888036,0.2752387208126259,0.17493219049694453,0.567418127257987],"outputs":[0.5664929519242432,0.5496325956245287],"hidden":[[0.07204676311920943,0.24862346538965396,0.25654883179551824]]},"layouts":[3]}