{"weights":{"inputs":[[0.7167594251946379,0.28971911187617816,0.9017473521327284,0.5439157254919114,0.005088760740256104],[0.4867369409387581,0.7543948445478532,0.33196508050570595,0.22985811995704242,0.20371201122964533],[0.9444557006099057,0.2621293781953944,0.496790860798461,0.22753059848415935,0.15836710605362314],[0.4129622317507504,0.5453154463840637,0.6796260543539978,0.41811409371256136,0.8046903551568241]],"outputs":[[0.8936683699807475,0.9484661736183573,0.9078681586034232,0.21841583000599707],[0.8318884074821853,0.1963897813667761,0.1999550779425956,0.7856431853968096]],"hidden":[[[0.6925989349974888,0.7680291996012094,0.9395253014156433,0.7182306734676243,0.13214304905054397],[0.3725323348550158,0.8728839400313162,0.49904298694706073,0.8774960947175428,0.6950974386278164],[0.3714463874193781,0.929323583977786,0.8014404491425966,0.5820274106928869,0.5684739689872336]]]},"bias":{"inputs":[0.8532413981650651,0.11008839470171172,0.3039756093821837,0.3160487682794415],"outputs":[0.8802825762837749,0.2837997666846588],"hidden":[[0.4436618011005602,0.7898997544384092,0.19550938877972635]]},"layouts":[3]}