{"w":{"inputs":[[0.789032588656295,0.422879143496256,0.18004495201438542,0.4902557529904863,0.7999503264387358],[0.6620709270673912,0.2566888852953886,0.523853012714466,0.8260633160723438,0.1434470250450821],[0.0912938031647006,0.43598480737077083,0.6131251746834294,0.9791202463960638,0.84575622864559],[0.6668292590505889,0.630495405290106,0.47150629770435715,0.3571757705910297,0.3533419949456682]],"outputs":[[0.6507485297193065,0.6725142745161836,0.7884274403070612,0.8371712864871657],[0.9094320581349216,0.534470144464271,0.9679358503424342,0.045434043514826605]],"hidden":[[[0.4988094718192493,0.604939332322231,0.4540709755333434,0.2153992187503233,0.07860412169358444],[0.8363147893969054,0.1988048361702941,0.8837513349772457,0.3188302105995644,0.8037277617167149],[0.06941514310214725,0.35445824382083413,0.6464819757536096,0.39490155594416554,0.49057736840636257]]]},"b":{"inputs":[0.9898336521268114,0.9842352154378491,0.3068780889534035,0.7252490493940684],"outputs":[0.59293454783322,0.816320884604699],"hidden":[[0.9802036252068336,0.9822365761097305,0.44342346911244523]]},"l":[3]}