{"weights":{"inputs":[[0.8963829847653773,0.6483447388219019,0.5829288893842615,0.23724904249546497,0.5104549038881965],[0.7093681559196698,0.5497808812512024,0.058361860934761145,0.9871016177357477,0.3634223399790186],[0.9781296372256145,0.2586596197205384,0.004936187320496943,0.15241510845781936,0.675533913821661],[0.5256584008362277,0.33703750036816027,0.04015662814019705,0.7952190437530082,0.5206882677406]],"outputs":[[0.8002043997487489,0.20923916318130664,0.6017962326988213,0.7371981861499155],[0.9838204317249191,0.4665436418177489,0.4636815900019602,0.6844227829702618]],"hidden":[[[0.8281703348847598,0.4472817149110482,0.5464031507644678,0.5567908977135405,0.3989517263330997],[0.5824126662108116,0.8020859039349792,0.91026853814827,0.3108300219179503,0.6793620995597207],[0.1339382708232586,0.6301064003386081,0.41428236168498844,0.8000323778558929,0.17417714478279933]]]},"bias":{"inputs":[0.4091609334236006,0.3369971453427154,0.5658018677039727,0.6662332833910809],"outputs":[0.9193590305583881,0.7993666361815761],"hidden":[[0.4264893926595241,0.5089541213915927,0.1610364135594582]]},"layouts":[3]}