{"weights":{"inputs":[[0.04440886844854863,0.6391168970223904,0.8090097349856231,0.43199422932210707,0.795209552035709],[0.0341052065434162,0.28404113665640507,0.33852105892644846,0.9577676537948607,0.3809416583813112],[0.044122084466394096,0.36668805928274417,0.6440218869795578,0.4112688439512988,0.1445959061537394],[0.604141247880305,0.6528121135339218,0.4100417458075183,0.553693208125714,0.1289899329229558]],"outputs":[[0.3815596412179516,0.3741799255348164,0.2794683823249071,0.8964451533553413],[0.2645155683935636,0.4848220068099842,0.7895074399157358,0.9933151831479854]],"hidden":[[[0.836464333468202,0.9132292800825728,0.6978965540971596,0.4454189350655491,0.21666924974543944],[0.6265156600464434,0.05161591531903431,0.08596047152256436,0.180224676155591,0.1920749161202593],[0.27342215244896484,0.11665929026883526,0.20274798588114384,0.7669357886257959,0.1614616466660248]]]},"bias":{"inputs":[0.28683206368949365,0.01616846492949353,0.30849597971865306,0.8784867909290976],"outputs":[0.2960016613746759,0.5087699767432918],"hidden":[[0.35637130741951584,0.1347488256965257,0.22004172736054572]]},"layouts":[3]}