{"weights":{"inputs":[[0.1734349679310183,0.37625677653960765,0.00801664039480876,0.3582285892550032,0.9603142272412049],[0.6339696103347774,0.4563267314251731,0.5580728350240345,0.5304387161818427,0.08383370654600353],[0.9253229911809615,0.3574367796047162,0.15885621633652236,0.1919675803546559,0.8827172884928993],[0.40603467344951927,0.873713191564969,0.3733403478343884,0.6592927666094286,0.14675830434354853]],"outputs":[[0.42462738387058363,0.006182988465619932,0.353877333959405,0.9922381245274914],[0.433097585327197,0.15944369013298298,0.589506821846232,0.44074153781701475]],"hidden":[[[0.46841741471115195,0.08793618657213642,0.9386923106941658,0.10276803339845109,0.5868025188968089],[0.04685486168537145,0.686434913448674,0.46936150443095337,0.6643229884774968,0.4423502388141425],[0.03365616902392721,0.6314769633001907,0.5546787962540236,0.6277592540145944,0.9970673120368823]]]},"bias":{"inputs":[0.3877450269393832,0.11544758553414658,0.6664859233048159,0.014468454310625045],"outputs":[0.8928496220530313,0.5422788956701077],"hidden":[[0.5519379483475595,0.6947448525039304,0.8233223031190497]]},"layouts":[3]}