{"weights":{"inputs":[[0.27324496405575416,0.8376877925452344,0.31113674714155604,0.4872732159807365,0.9925011646208106],[0.494141056016999,0.8567828867609175,0.4827463785625241,0.8758042765177496,0.4462478113566415],[0.28286787552399484,0.6961520872333307,0.12143585207686103,0.6250524575426,0.5914820086145864],[0.10162384996415885,0.48327988348441453,0.3811788575328092,0.08522186569505275,0.3969740506453485]],"outputs":[[0.6522649639269746,0.8710329990034644,0.8702455245734995,0.8828569491457707],[0.8809013471881322,0.15015483489827552,0.05052158767539261,0.13724664027826727]],"hidden":[[[0.9929661753132104,0.13384443555124026,0.7273953156786175,0.6533393924047934,0.056345474490450353],[0.31239466018230555,0.5009907218380092,0.20864152499498778,0.30929392202991735,0.3518959581637007],[0.22479838555437714,0.7504822668953495,0.7621909717093596,0.7514294096768208,0.05753969331140052]]]},"bias":{"inputs":[0.888658071065966,0.8540843288746938,0.3102397011900466,0.0986914127863503],"outputs":[0.681901887511634,0.668008875895741],"hidden":[[0.38156243614166074,0.5241246052768884,0.03808117117033838]]},"layouts":[3]}