{"weights":{"inputs":[[0.845659834345369,0.35402756681779746,0.6353777196099899,0.055296168373635934,0.6981041662729977],[0.70294574405217,0.6782250363828337,0.18939616787505886,0.7189716311809256,0.01726753807626702],[0.4976746742558835,0.9509154303574903,0.5129056023972864,0.8138596751018874,0.25705802322208005],[0.9884806097094734,0.884838065900635,0.6208318786546141,0.3739506749621353,0.791495797182052]],"outputs":[[0.4182520641298828,0.5034084011554809,0.712061704920264,0.4398126983806363],[0.9058249459863736,0.294932020275384,0.13902899388927414,0.17362441707100995]],"hidden":[[[0.5689431312204145,0.295923286412791,0.12675219993109277,0.1717913619965099,0.9583339214561872],[0.4225930647327618,0.49084116335467565,0.12029098771432545,0.79743919856079,0.8078650377895935],[0.2469081672121165,0.7440195589440635,0.8157118008949509,0.7747578851028551,0.32286064215220533]]]},"bias":{"inputs":[0.07544204889175199,0.07845084835367944,0.7657653725489724,0.5351631623678228],"outputs":[0.1546439102023538,0.7569507441891072],"hidden":[[0.7234981745164097,0.8307820339270497,0.9628407886697228]]},"layouts":[3]}