{"weights":{"inputs":[[0.914894742852829,0.11222503673806683,0.05943225234917983,0.5416023139990991,0.062372082670649885,null,null,null],[0.8906232882464619,0.49871860596572753,0.777044978485673,0.07163395440638445,0.5705376500445182],[0.9009910740520235,0.12316112591904906,0.8108431658793587,0.8996110838961503,0.5434112857993642],[0.1471518788276687,0.2854455997491725,0.5768545407417653,0.9461642031290018,0.5786103787027997,null]],"outputs":[[0.9031011864202539,0.5154096719322948,0.930268906755489,0.46870638905113976],[0.25791656414996655,0.8800444229855215,0.06000334684774974,0.36570318728626666,null,null,null,null,null]],"hidden":[[[0.21538046591714816,0.686347849862492,0.34302082980709686,0.5733448239887872,0.12859164960829642],[0.7000157397826404,0.21649450754035127,0.34887307499742976,0.9717976200628369,0.6873184573951736,null,null,null],[0.2049947537387654,0.8920585151212468,0.1575747131267303,0.5001136140976188,0.5164989801089447,null,null]]]},"bias":{"inputs":[0.8632490653561049,0.01528932184133958,0.18221325166755692,0.2612159834241606],"outputs":[0.36076679956852203,0.554200905243977],"hidden":[[0.2192198690022107,0.20002444919005483,0.8460219982819425]]},"layouts":[3]}