{"weights":{"inputs":[[0.6149901664640702,0.9777549225832998,0.21480013207725368,0.6969175858008438,0.9926782254354347],[0.2736853530508192,0.6202001013925373,0.9926740066527113,0.8349338254705778,0.659731109897258],[0.8181962599184343,0.5608590651012577,0.06672892711880674,0.6152594122560759,0.23015277784492172],[0.7876540402667078,0.28409453251289585,0.35791840874683256,0.4027353320211804,0.48282725376455216]],"outputs":[[0.6281687677271408,0.66106946362786,0.415188000225275,0.43621791461121817],[0.2197338121598944,0.551253533320341,0.1730726008528891,0.547502385833724]],"hidden":[[[0.09364878478302785,0.428979165209614,0.10691639958210342,0.4546654544573494,0.2526434826278583],[0.8363880093163731,0.09677999879398347,0.8075050909121346,0.47110846299057596,0.7175966270390308],[0.2529153254178498,0.8921773834633988,0.15795284470253268,0.6374654048637225,0.6923884197985193]]]},"bias":{"inputs":[0.38079799120942814,0.116751695724711,0.01972790828174409,0.9103376022749587],"outputs":[0.6315408395067976,0.4804487711732517],"hidden":[[0.49375935276476923,0.2250829443415332,0.4967691001420045]]},"layouts":[3]}