{"weights":{"inputs":[[0.8291509303693414,0.431152446570104,0.09734422177068858,0.8093150766559314,0.9825120297000995],[0.038389366586425,0.7636705180648409,0.40386782202745963,0.36398032782941336,0.49372596093641774],[0.22977420612619226,0.5059756920943344,0.060611632076879696,0.732677542578859,0.8000159144078651],[0.2529003826311369,0.9338046808659122,0.8597173617888028,0.8972195411252812,0.6511384977157719]],"outputs":[[0.17984643093277675,0.9414674824406277,0.3157408774920276,0.9537878772427673],[0.7506227013759093,0.5273063239001448,0.32379228678678573,0.482836581077718]],"hidden":[[[0.37012623654910604,0.6960861502074063,0.7340691895310838,0.7813464121321139,0.17881607069645167],[0.5727747361515718,0.8358926431655367,0.4294894427660765,0.19771135720120858,0.348635076288623],[0.3267944419696649,0.538517767911161,0.16944454847422086,0.06829624535518652,0.556921867967971]]]},"bias":{"inputs":[0.37414914455463255,0.426789613561654,0.5641778253460705,0.8991270868423975],"outputs":[0.08383161958036789,0.1772236156507403],"hidden":[[0.06555172193587122,0.5193508440126138,0.2263534853701814]]},"layouts":[3]}