{"weights":{"inputs":[[0.43632694787765247,0.4930021578957045,0.16511958816957875,0.581820103659499,0.6811420178973665],[0.7925858403194433,0.7983114093335846,0.7824970201408216,0.4386546049691365,0.667781877772031,null],[0.9906661215488067,0.4075118909503758,0.8487121219253756,0.05040868427584268,0.5573638132040645,null,null],[0.43117137634187636,0.13966290440475995,0.7436253951663176,0.38541713788510656,0.5336764776174875,null,null,null,null]],"outputs":[[0.8940798921587518,0.33774379342313704,0.8164704322676412,0.9095089870709179,null,null,null,null],[0.8636835734432783,0.748042967371349,0.9766716699033274,0.10212887264697695,null,null]],"hidden":[[[0.1951351873559393,0.48936568726291196,0.03635246615326047,0.6754904642377169,0.06843031311318425,null,null],[0.8425474377176843,0.23345780090951454,0.33397309771249123,0.6718337515969652,0.9027444416078486],[0.9165654623417522,0.3766884781187349,0.18309539245446724,0.3519629636209792,0.7543771652120584]]]},"bias":{"inputs":[0.3365614026063861,0.1842006849093765,0.8471430670679185,0.6057091999179611],"outputs":[0.4519363831694398,0.12689211432718073],"hidden":[[0.701159820367068,0.2587800585366078,0.06638215055995465]]},"layouts":[3]}