{"weights":{"inputs":[[0.43584123700119615,0.4950848553742901,0.16621301505768868,0.581831650135356,0.6823824599039028,null,null],[0.7935695354736018,0.7980987679796134,0.7812476402426959,0.4386546049691365,0.6687524057415568,null],[0.9917727312066221,0.40544140797791456,0.846728339810894,0.05128614896546361,0.5551568756214683],[0.42926652174752566,0.13872691351649166,0.7443343179881747,0.382599857197057,0.5352085750994308,null,null,null,null,null]],"outputs":[[0.8949574105027057,0.33748094171390136,0.8165024542259768,0.9090162275695072,null,null],[0.8647501996048749,0.7466536797716276,0.9768809582224017,0.10146108860213136,null,null]],"hidden":[[[0.19404792101914956,0.4885828154311352,0.03407957068635065,0.6735830920186445,0.0690705056742953],[0.8420485472417386,0.23436920563205924,0.33415004199912657,0.6718454275526229,0.9026209783468259,null],[0.9165825797882451,0.3732831366012602,0.18333265276311098,0.3528840347388995,0.751478260874493]]]},"bias":{"inputs":[0.3370162306022802,0.18471221350371608,0.8449350562294118,0.605764053777695],"outputs":[0.45192006268974466,0.12678802115409848],"hidden":[[0.700370535813781,0.2593634291146268,0.0674145991103235]]},"layouts":[3]}