{"w":{"inputs":[[0.18570291864555388,0.06322342638028355,0.5903993177200602,0.97698100583458,0.531223316682431],[0.9729463231115685,0.052820895533917556,0.3471357522582108,0.2772870036125725,0.17481211095791682],[0.143010257438688,0.7331848186618366,0.9929424636909452,0.7843106339547168,0.7027498516760586],[0.7976890846397631,0.6576658655040903,0.04250354420276481,0.6406975709729856,0.48509668416289076]],"outputs":[[0.7597432890483893,0.5815707929018032,0.41445971890006916,0.6062498350381709],[0.339997790309462,0.754078781351913,0.13815698274331156,0.6412015853023727]],"hidden":[[[0.08888946405055687,0.6735028108112557,0.3481980233594508,0.7425587409901826,0.27746881082086783],[0.39824955591344136,0.2722936476086071,0.6898623493319505,0.3906440754708971,0.9625093900962416],[0.07189242141106411,0.3985633892714504,0.6682712811119651,0.029657689244796392,0.8709848521333023]]]},"b":{"inputs":[0.6548993862309906,0.1929616171611186,0.3140207718846819,0.5166432297026948],"outputs":[0.7732949147861998,0.39143613301794455],"hidden":[[0.45732383335215365,0.2612302597090037,0.6291911659299938]]},"l":[3]}