{"w":{"inputs":[[0.7693418872506863,0.5870215040142117,0.036215391625571414,0.5899327876521894,0.0723932409984529],[0.312172586840298,0.7428982334368899,0.3007918174690516,0.18028231226720126,0.7721638639071808],[0.24193155077817408,0.6570750645021548,0.4043915200268873,0.6252018063030969,0.3077894633362128],[0.08424396683473745,0.7269658322746366,0.01861672424383176,0.6697167903769461,0.2857524585472453]],"outputs":[[0.4093691185406325,0.7336593873144484,0.8607607384284899,0.7459749735572123],[0.12191404333793021,0.49718646683652756,0.3081969106750857,0.19796691654454412]],"hidden":[[[0.9687063454411899,0.21494787164892304,0.12185372369096026,0.6113471723582249,0.0014068471700914298],[0.3495601642625168,0.4653596198237988,0.524923493389273,0.2462653892541904,0.23094302202070804],[0.18948131427212944,0.1332779883085995,0.13103724176942944,0.13170410489072792,0.08078898730427198]]]},"b":{"inputs":[0.45900553655552856,0.8580177870064736,0.08612400308558188,0.9972185265828386],"outputs":[0.6824996137935708,0.9966797709858239],"hidden":[[0.19043773990010782,0.5889532308851875,0.8656019157111392]]},"l":[3]}