{"weights":{"inputs":[[0.914050972704363,0.11034788709698247,0.06023475549471603,0.542839616240856,0.06454533882834584,null],[0.8904881288054735,0.49904224240016937,0.7756621030002564,0.07061948445352485,0.5708059348606054],[0.902180964625311,0.1234896537447215,0.8090920826387004,0.9000663020343367,0.541294890593572,null,null,null],[0.14783331861309426,0.2851741271124956,0.5734711987142991,0.9455432459970048,0.5785831676042757]],"outputs":[[0.9038417597369527,0.5142645480468226,0.9300560842544291,0.46727647856301535,null,-0.00041541846390199],[0.25700286678019063,0.8803015312384201,0.05877452998090848,0.36478908769720153,0.5221161942576935,null,null,null]],"hidden":[]},"bias":{"inputs":[0.8645627521255426,0.015509014456083483,0.18106244331890312,0.261690871765564],"outputs":[0.3599234916675801,0.5555430724312491],"hidden":[]},"layouts":[]}