{"weights":{"inputs":[[0.4672507596677209,1.0820600861450527,0.04013730135900273,0.8678359946832161,0.7060504466151951,0.19856851033471612],[0.7602529972930476,0.5011598347245585,-0.11393202808918801,0.5515779589676697,0.22792706732149548,1.1975140569139686],[0.4812852649853747,0.2616421008186214,-0.1345194523832347,0.7269329054639662,0.4574177018498664,0.8888093948058409,null,null,null],[0.22735220900433184,0.20228836247198245,-0.17560869232979148,0.08943462409147096,0.1181326908857907,0.38958522167204235,null],[0.31298249466575134,0.6250740267760679,0.7982416530000138,-0.4316434507472493,0.4911046221771842,0.4381910578240873]],"outputs":[[0.2298128744352388,0.2981042142957655,0.019589883198411817,0.4331098269346496],[0.5043170082148007,1.3528398019593584,0.4002661549752071,-0.4477513846285137],[0.3149085414099684,0.7497090658859986,0.6854558630249188,0.1748068669926479]],"hidden":[[[0.805382362925581,0.6303401293755195,0.21572059208579764,0.4534256647388315,0.1435338437901097,0.9137326152284257],[0.5593954552156426,0.6216025764659694,0.4748295952388313,0.9866702385068447,-0.1344277972008665,0.38811873346047765],[0.3749903290112606,0.34257195041568056,0.7744886865539269,0.3031035424138484,1.0797624899555012,1.0270129442897544,null]]]},"bias":{"inputs":[0.586591797475627,0.2526389159904532,0.7304053819592093,0.4039823522103818,0.31436235371242627],"outputs":[-0.10562705251787396,0.7764403049995454,0.14348030615097973],"hidden":[[0.5766652956462075,0.6102134336467526,0.9069144372377829]]},"layouts":[3]}