{"w":{"inputs":[[0.2658757414974282,0.7108726041413598,0.08805008097245492,0.7971868997434222,0.45510486396953187],[0.523456207834692,0.16025682326281365,0.4592099284093909,0.7908033720207341,0.8034450455369229],[0.9657350054787164,0.3709258385325944,0.6743457584347101,0.26076420200738637,0.4149311296706055],[0.776212448407898,0.4566750198685776,0.712998021441934,0.009257395422011205,0.6828633086269071]],"outputs":[[0.3171656338374871,0.48133130310116035,0.10961521345601133,0.9270003320166142],[0.8201097796245749,0.10008866498664526,0.624249439920538,0.20137421185292226]],"hidden":[[[0.1663908057731367,0.9966326716365128,0.9027392792386508,0.34371023711158055,0.9816167831097247],[0.2890074538016798,0.2836828808142704,0.23828999215211422,0.6905642442973792,0.4173011664035673],[0.4711203189775077,0.7032598759824336,0.6700658112396201,0.4470124803841107,0.8488384254595116]]]},"b":{"inputs":[0.9280646311805856,0.04714875356481585,0.05900777218406916,0.033462509203641355],"outputs":[0.47007239324026573,0.29856961666901194],"hidden":[[0.11789768047410032,0.5184424052583205,0.1976634749426216]]},"l":[3]}