{"weights":{"inputs":[[0.7435090703308853,0.7840886970884894,0.35125536917939626,0.7220919242965251,0.994749155361281,null,null],[0.6689833721750811,0.175219132976979,0.3640445479429139,0.7577196852965067,0.9433542028239857],[0.42973832510038584,0.15946222740426058,0.4856537331457993,0.7721919949389975,0.13330174409654472,null,null,null],[0.9001445915166484,0.1269124936309849,0.5624560303365368,0.3607258674675049,0.47797969189591827,null,null,null]],"outputs":[[0.7594224590265435,0.19551876251493747,0.06244219479448598,0.39139056803643213,0.5443810328793077],[0.5783762994941811,0.007875752647240608,0.8445262257338071,0.3826304116072985,0.5655844186778258,null,null],[0.5305460110328288,0.30395282904549736,0.5382417120257761,0.20841040843818792,0.3701554275331971,null,null,null,null,null,null,null]],"hidden":[]},"bias":{"inputs":[0.5764378722077306,0.8867081847024034,0.2377612672597682,0.4250119798436207],"outputs":[0.4443815526705832,0.37555787161078436,-0.024200230686728275],"hidden":[]},"layouts":[]}