{"weights":{"inputs":[[0.9981585806457893,0.9704871209986883,0.6987489879455546,0.424656305736284],[0.5947040149991842,0.6734068661450596,0.09560692414797689,0.6690792162729611],[0.24456255387303072,0.8035809541103653,0.789272207915299,0.9220029176961517]],"outputs":[[0.6115917569696161,0.23673816118701563,0.7086908756873667,0.9679821158399498],[0.5347306360927648,0.24442902343708228,0.2551222402406752,0.04816090939876716]],"hidden":[]},"bias":{"inputs":[0.020310624815581546,0.6244522183432994,0.817700534697648],"outputs":[0.013282997180997125,0.054092741177578674],"hidden":[]},"layouts":[]}