{"weights":{"inputs":[[0.6304879263934651,0.16726526664963237,0.34204957260248814,0.20004929219724255,0.02931502256083518],[0.09195966409958167,0.7216931925178549,0.10163412767197522,0.6175773435975513,0.27506694297227563],[0.9699618918007777,0.6285351456285606,0.7599133154389472,0.12036073182124962,0.3262234954245582],[0.8625744050506219,0.23010419892974432,0.5378186436014614,0.6446735307719578,0.850448398202031]],"outputs":[[0.559840308837376,0.0892749199133196,0.4043377788334248,0.4726804671256484],[0.4653073823184437,0.8940977899146358,0.6019697978134484,0.33035846082994014]],"hidden":[[[0.9111234264662409,0.30455242026952156,0.46669876970711743,0.09102761017975669,0.5014078791400238],[0.5448502257399204,0.5252859544457988,0.6423407012193159,0.23100747533229793,0.38781843024256735],[0.5849539900109981,0.5979011567464589,0.24781605578610177,0.548767103408059,0.36046386643764583]]]},"bias":{"inputs":[0.2381203145597186,0.5475685237663539,0.28265021739373886,0.6549280076167749],"outputs":[0.2574121390416153,0.6861733625527924],"hidden":[[0.012111522422598497,0.9948920505152956,0.6924437859545598]]},"layouts":[3]}