{"weights":{"inputs":[[0.43617963227845113,0.49429497599209654,0.16512209924524068,0.5825404663358532,0.6828658231172722],[0.79294274779805,0.7996601897114461,0.7823783568157915,0.44073175522521546,0.6701462857825301,null],[0.9909955779471268,0.4078295690620632,0.8487121219253756,0.04998799265664606,0.5580960646726603],[0.42854072792979225,0.13913888856605783,0.7451996809972932,0.3836603348695402,0.5356773957972513]],"outputs":[[0.8945888278706468,0.33698416939574016,0.8174313908603242,0.9107682563124474],[0.8650411652997245,0.7462414663124253,0.9754799783970521,0.10233163720596782,null,null,null]],"hidden":[[[0.19423604435669214,0.49002473080196396,0.034957623787550476,0.6766023051602568,0.06869655323304309],[0.8414763198533222,0.23242417745291266,0.331931320762964,0.6741509281477919,0.9034541562315863,null],[0.9156102158762326,0.37612945388395796,0.182591442591161,0.35345397117494665,0.7549074229366007,null]]]},"bias":{"inputs":[0.3384477977892705,0.1842006849093765,0.846524539316141,0.34178159087343807],"outputs":[0.4510673628213056,0.1272873546024236],"hidden":[[0.7021120577175994,0.2616261735825259,0.06582065573824267]]},"layouts":[3]}