{"weights":{"inputs":[[0.7470317642529303,0.5525027876383204,0.6083201533020559,0.004035004861947522,0.8970307701209737],[0.16220749748368135,0.4637976542211235,0.5772777634451098,0.735400012931898,0.6818236707611782],[0.45287933036113137,0.6906706329912526,0.628460789216033,0.8323508583617796,0.289537693173223],[0.7754432836566723,0.020723041997381175,0.3044949723895176,0.620733892484983,0.7625815348612006]],"outputs":[[0.8772164345433311,0.13394734778078665,0.3920914603066168,0.4067657750847078],[0.9941738564914915,0.1497477531139184,0.8857126494951655,0.1554245131964973]],"hidden":[[[0.4956645037416809,0.21441867914697643,0.42174138865368116,0.6125371972312146,0.823094324740737],[0.9494873915313162,0.7663370479624234,0.7382860260462789,0.02122819493852357,0.003996760763760543],[0.2963883113666803,0.03548745128358277,0.7793325121496906,0.705114496224934,0.6596137862121108]]]},"bias":{"inputs":[0.39705502453422725,0.4155594576641206,0.591572570239415,0.34003291941809777],"outputs":[0.2096571649600225,0.6787660331621939],"hidden":[[0.036780128894249975,0.22748839667347354,0.0767580161268342]]},"layouts":[3]}