{"weights":{"inputs":[[0.48980179570881166,0.49539212327744164,0.5102372778414068,0.10362123529351952,0.9299523495067459],[0.35702486215889184,0.6237196865725909,0.44512737900533517,0.47958357145335384,0.06415045666669816],[0.6898808861842007,0.04023758748006245,0.6433454490608359,0.46532462833378707,0.5335571124463541],[0.5165217031398979,0.3128034163830071,0.5335408727172231,0.08859120225484451,0.33318659643946047]],"outputs":[[0.7824370136622951,0.29817319412379106,0.34775557222798437,0.8602836365780511],[0.8400078064369783,0.5755302176600003,0.510932890229232,0.5175990360221661]],"hidden":[[[0.38082992477244604,0.9237510228100694,0.19815365941132845,0.9598453848958814,0.06865984740743247],[0.9452792105737478,0.04921190544781706,0.7804194014782195,0.2505490189775317,0.5466308508447864],[0.19423938341099678,0.6717097043849061,0.30097253834932847,0.7944675894620077,0.32588872764593524]]]},"bias":{"inputs":[0.6902782750609315,0.6636218775626894,0.947213145739813,0.9764005136542231],"outputs":[0.49104356648459624,0.6483952516135782],"hidden":[[0.7493409499290884,0.2451230432377165,0.18357348610927726]]},"layouts":[3]}