{"w":{"inputs":[[0.8325896318370563,0.3971735638772078,0.8180750886340509,0.5787575287968649,0.4421731926114363],[0.13651545412396437,0.12575415409972557,0.8349798187981052,0.6406167816851087,0.5030252272746507],[0.7190776642738415,0.9783668648593922,0.3984457119977052,0.4486786105115006,0.1429974044393314],[0.7117111421853799,0.9239074629598256,0.6762387123189832,0.7208832482911249,0.11738943416005809]],"outputs":[[0.6178173914856877,0.8709309428851073,0.3734327742030705,0.30073007362766413],[0.13829335776461105,0.4654988049169082,0.20584024556997305,0.0227262222738851]],"hidden":[[[0.2060809267224082,0.5540657687666293,0.8510666473707591,0.9272682222575663,0.5392610414878116],[0.7254331980154434,0.9660318107460617,0.07471515976142862,0.7216698648018411,0.4863889303923705],[0.7134556499329412,0.3651113365070522,0.006207572094999891,0.10482937664758896,0.9930838195576743]]]},"b":{"inputs":[0.7087849634702357,0.9582966758693601,0.13252505438723694,0.698495149880362],"outputs":[0.5211166601753017,0.6878975213271401],"hidden":[[0.21279653202376592,0.5364105608775918,0.9780283879533984]]},"l":[3]}