{"weights":{"inputs":[[0.748265186524996,0.7480619163587368,0.3647916454593791,0.6880006954577337,0.9584576185754338,null],[0.656944234794949,0.14997069233561458,0.3489942198918509,0.7222910834638837,0.9276832062433213],[0.42112289470437,0.14977167492851776,0.4856537331457993,0.7809374161163272,0.11103554276895129],[0.8559086405232756,0.1269124936309849,0.5660849974687228,0.3596365598193777,0.467562803719623]],"outputs":[[0.7594224590265435,0.18766708804521803,0.06058942671422289,0.36278871841328275,0.5443810328793077],[0.5983199465623606,-0.0065506045280865136,0.7997492629520246,0.41322688960062154,0.5655844186778258,null,null,null],[0.5445522869967235,0.32308844845630047,0.544776857285057,0.2563006966832839,0.3372375027796814]],"hidden":[]},"bias":{"inputs":[0.5593939378368573,0.8867081847024034,0.2377612672597682,0.43925659724332944],"outputs":[0.4079813391686432,0.37555787161078436,0.01714397304459079],"hidden":[]},"layouts":[]}