{"weights":{"inputs":[[0.5895349721616792,0.9145439513711768,0.8049620960082091,0.7404143673775461,0.8351179470998238],[0.9016846502783908,0.35177530410713675,0.5417111915812658,0.10662188010450402,0.31127241200108324],[0.7364592811503448,0.03258455548275219,0.0851152264691395,0.6125266015431772,0.04533284683161831],[0.3242872706725828,0.007741896272148496,0.8107734784619081,0.21231192138505794,0.21300550639619886]],"outputs":[[0.17349369629369304,0.04662989919922622,0.16106471855765347,0.1500934404613652],[0.6133007485056308,0.7909142219091227,0.12818669337478195,0.4498205953678034]],"hidden":[[[0.1430707188835878,0.35073453943642807,0.07489772346379153,0.6975455293093449,0.24277345891014535],[0.7399287245922179,0.4328346750218999,0.7114210145675837,0.5105820480430063,0.9516840997770692],[0.4850431587318005,0.7132455412764702,0.7085242842989068,0.8429651130573304,0.165832047715049]]]},"bias":{"inputs":[0.38931130708991324,0.6651837499237696,0.751009518539614,0.09933833700958128],"outputs":[0.9735594843225417,0.19069430868194437],"hidden":[[0.42672402293357403,0.9837295495609735,0.5422090178159875]]},"layouts":[3]}