{"w":{"inputs":[[0.01902547951032374,0.4176647237924467,0.11087986414068296,0.9320451896298012,0.4399912817826357],[0.2817303435135825,0.7880892326168942,0.947062023220635,0.1142930915400806,0.1146014125609851],[0.46331104871989237,0.14137953660231695,0.5694082839315089,0.32084105503625104,0.9339245177777049],[0.46284600075290694,0.7239168836342382,0.4752539714540587,0.11028714417562524,0.8989867826424915]],"outputs":[[0.5070847310732736,0.0017983077295009586,0.999828619780939,0.7151440709266168],[0.5511571016308321,0.5746578625022578,0.8467737211823014,0.80202550133388]],"hidden":[[[0.15635893572881931,0.47134021608518273,0.15771482447357532,0.9558583232349931,0.2740903750922403],[0.11850655681350775,0.3882877414044541,0.9326723894591873,0.7745245428900274,0.559925192711983],[0.11356163678970765,0.7304119920456866,0.3488397336095128,0.1418191824240702,0.11124854678402674]]]},"b":{"inputs":[0.020938807578448015,0.38453616119071365,0.8199943539323662,0.6986506971247073],"outputs":[0.6318337516801305,0.3903742292636929],"hidden":[[0.6280082276181655,0.5786990250777886,0.24365192900112542]]},"l":[3]}