{"weights":{"inputs":[[0.43715708374585205,0.4945605650875387,0.16562570498679294,0.5833957386753849,0.6826372162540865],[0.7919913090202912,0.7974093959425147,0.7817514758342354,0.4386546049691365,0.667781877772031,null,null,null,null,null],[0.9906661215488067,0.40691271182112,0.848234736845173,0.04974222029130959,0.5568300531289554,null,null],[0.42891740324089656,0.13893519037048835,0.747202143420832,0.3830131988294954,0.5366515733787705]],"outputs":[[0.8950689957992851,0.3380606609001717,0.8164704322676412,0.9095089870709179],[0.8643748267152791,0.7475841814469557,0.9762907176644855,0.10208100797039053]],"hidden":[[[0.1951351873559393,0.48936568726291196,0.03635246615326047,0.6754904642377169,0.06843031311318425,null],[0.8430260203615753,0.23315274693939164,0.33397309771249123,0.6718337515969652,0.9026203108157234,null,null,null],[0.9176166393945611,0.374561192967049,0.1820243925405002,0.3523455692376895,0.752358626447426,null,null]]]},"bias":{"inputs":[0.3365614026063861,0.18320825622721976,0.8453911683786575,0.6075079357647243],"outputs":[0.4519363831694398,0.12701528117183797],"hidden":[[0.701159820367068,0.25879104527835495,0.06638215055995465]]},"layouts":[3]}