{"weights":{"inputs":[[0.7435090703308853,0.7730258008952648,0.3476095341582247,0.7220919242965251,0.9798347820454918,null,null,null],[0.716142236910569,0.175219132976979,0.42818127721078725,0.8006701777370724,0.9481364128014604],[0.445551360271498,0.1498571527280334,0.4856537331457993,0.7096801875298316,0.14816609771992154],[0.8559086405232756,0.1269124936309849,0.5980859243421834,0.3607258674675049,0.467562803719623,null,null,null,null,null,null]],"outputs":[[0.7594224590265435,0.18766708804521803,0.06626906779818842,0.36278871841328275,0.5443810328793077,null],[0.5952504859988972,0.017372102397189892,0.8333907007766898,0.42207568955894875,0.5527243810506994,null,null,null],[0.5432536462873305,0.30395282904549736,0.5716005586575836,0.2563006966832839,0.3372375027796814,null,null,null]],"hidden":[]},"bias":{"inputs":[0.5593939378368573,0.8867081847024034,0.2476251748032885,0.4633414278006718],"outputs":[0.4079813391686432,0.3381163891501545,0.015077835071765966],"hidden":[]},"layouts":[]}