{"weights":{"inputs":[[0.8326949694404173,0.8448564129944749,0.8799151017881521,0.3230358898493486,0.2821864268095804],[0.1346152468919799,0.5390113322118262,0.5193792428993353,0.7955984107058731,0.4368373637020908],[0.9991273387388817,0.5534497916456194,0.10807531729170439,0.580510618488806,0.75656130399124],[0.47451329305010304,0.387306723641865,0.31747220373890306,0.5265669591089837,0.9991828398626925]],"outputs":[[0.5765611319011978,0.979547245043062,0.952571562861015,0.471550642203473],[0.6679546503227147,0.909780786846778,0.7217733295162267,0.993796263340476]],"hidden":[[[0.8490177358504232,0.8209355799571327,0.9886229018003561,0.5421526004338162,0.723918642045827],[0.0263230000665311,0.4013858689876548,0.06697006100911262,0.7368470194866403,0.613895961630037],[0.40490048739413065,0.1477706128270162,0.2669568696022955,0.1725377983708163,0.47634459456232303]]]},"bias":{"inputs":[0.3989238219147522,0.9040640713252379,0.09587585033726032,0.8559491044535676],"outputs":[0.4774304405709371,0.8818417032119854],"hidden":[[0.8062167952311192,0.95166108369967,0.5064888148472217]]},"layouts":[3]}