{"weights":{"inputs":[[0.4692588251592551,0.31382899920965435,0.646529417040367,0.4117031266747442,0.5611523095040354],[0.0547021844106208,0.771378977021121,0.6227139281671699,0.8857172675100942,0.8386658604238837],[0.35097051491526265,0.7472699268979202,0.36871445614686293,0.8394365660326895,0.140606961234095],[0.7490183504734276,0.03479044469310111,0.2185019168749993,0.0022962922955589438,0.5005795089521139]],"outputs":[[0.3966432221877818,0.39971642268587315,0.02769852038723375,0.7814755330307706],[0.7714889713508171,0.324465811933504,0.4438173003593282,0.734287057398304]],"hidden":[[[0.3072408826414037,0.1255740473672553,0.9410630615116946,0.07604190606116701,0.7055904335061416],[0.8966976941483227,0.8041899643471133,0.3656191322779665,0.021385364323220246,0.810561159020762],[0.8907455340560939,0.625350165153715,0.7729129755140272,0.17116510634491555,0.46656108553061526]]]},"bias":{"inputs":[0.7437200988227013,0.4447095186408012,0.0909382834011303,0.3159396634945366],"outputs":[0.36801265851255405,0.9508838443485665],"hidden":[[0.6167222099949885,0.9916433558589333,0.6689544475885572]]},"layouts":[3]}