{"weights":{"inputs":[[0.3003857403153636,0.22305824328818136,0.9378461896466834,0.828145998006145,0.3043669076846047],[0.2898586575484514,0.004655295952767702,0.13193709544522148,0.477151234712599,0.08421823566093489],[0.6704132281183985,0.7659766192292783,0.5569250015031855,0.28355449965992974,0.2249074489331775],[0.6181351266472308,0.9562085346025295,0.06990209423562188,0.5830734431268245,0.5543177189880839]],"outputs":[[0.007833692990254049,0.0523560080799903,0.3105711653590557,0.8065657097888141],[0.7894280241439877,0.8624658037612936,0.2449365946287727,0.5033355225028506]],"hidden":[[[0.765451921009147,0.5970221124876482,0.3057473264724273,0.1971585021170572,0.09434916215988087],[0.8798819814473182,0.3306500370319623,0.13763382181931272,0.8311456442475376,0.35880192588503745],[0.3029040137497685,0.48626309127073775,0.9288206416408546,0.7916138930019696,0.17767075265721566]]]},"bias":{"inputs":[0.1927747329703322,0.7482551612896791,0.4937336603539364,0.11717366730482204],"outputs":[0.9481842890667727,0.37782558639095853],"hidden":[[0.6911815734177518,0.9825728646897942,0.22617203410554998]]},"layouts":[3]}