{"weights":{"inputs":[[0.4352889410122932,0.4947386866159714,0.16648346649650395,0.5842573764550122,0.6840519197689651],[0.7939065287738106,0.7971776770411604,0.7808594281379492,0.4394478449695867,0.6687215621834401],[0.9913008565763988,0.40624766113400623,0.8470632611839185,0.050529007876314404,0.5563809357978166,null],[0.43112277785982156,0.13895847111788504,0.7474215448291954,0.3823833024184507,0.536899939219568]],"outputs":[[0.8944733028842807,0.33607335269745076,0.814622415770067,0.9096674591339321,null],[0.861328281260366,0.7476181028685409,0.9740751429820078,0.10595599790420389]],"hidden":[[[0.1946298069681186,0.49062046555347,0.03403279655276611,0.6730448275269686,0.06968288079410846],[0.841471381752687,0.23216959144706173,0.3333473056071786,0.6714068937479628,0.9035637972480541,null],[0.9157419672230483,0.37450735632906546,0.18284450117411866,0.3518423255560923,0.7522718925900279]]]},"bias":{"inputs":[0.33782401292006103,0.18516429668061074,0.844461266667289,0.6068228066217153],"outputs":[0.4500908374508392,0.1280624349670884],"hidden":[[0.700073687639524,0.260245810741804,0.06531329623093171]]},"layouts":[3]}