{"weights":{"inputs":[[0.08363801143502103,0.11625488153859642,0.680959892145363,0.9366135458535032,0.7689223876005449],[0.20076885428590208,0.8515076297941488,0.40751041987645054,0.07439655161539793,0.7280692854913027],[0.9776163866957202,0.919150830472349,0.8676736423751814,0.41559535460721797,0.03554171154218344],[0.02106856151418479,0.29298515780466716,0.3941840080953596,0.09038043296845988,0.9300925460945983]],"outputs":[[0.5355866308980246,0.4863763491052062,0.5323878931281487,0.4425750542539928],[0.5425806490453973,0.9970796769042098,0.9166212708891217,0.35153096140230855]],"hidden":[[[0.6916165359437554,0.44405914794883894,0.6588810655354866,0.7904606852862304,0.33081468162974637],[0.44104751394194897,0.6095821439584364,0.5073432115418173,0.5670689748787208,0.7647788745516764],[0.809204526255642,0.09200098896475617,0.5440828513570364,0.17292943137542105,0.7199460066399568]]]},"bias":{"inputs":[0.589290615031806,0.691421581572812,0.0574771969463681,0.9863853905070752],"outputs":[0.5819748522930064,0.12862459430147322],"hidden":[[0.6247401079509873,0.055959712019001406,0.8950239189303919]]},"layouts":[3]}