{"weights":{"inputs":[[0.05997781739995256,0.8397935783023143,0.9105878916571328,0.009627796421621593,0.47536225708116775],[0.08258047597644613,0.9463258564691499,0.8883857695026771,0.310722457330884,0.3220665444847819],[0.20935514532236565,0.4875404007797719,0.14878131583707432,0.30654968277413897,0.14877319024863578],[0.2749258785576427,0.7223250749794576,0.20929429387550758,0.6388458210866577,0.9823119067772434]],"outputs":[[0.7748950244417416,0.7496820852061732,0.944508320648938,0.125221516574475],[0.17050542807747315,0.03819592256472393,0.18577209764332991,0.511758047456681]],"hidden":[[[0.11449168209125693,0.3219283320418027,0.037530026226829216,0.09063689415636178,0.34476331512589464],[0.15858167588794636,0.44081386859361804,0.7499741807117954,0.3139456532472733,0.09115524438058431],[0.02003413025309686,0.22707475630445373,0.7659006629392637,0.5056831806751865,0.2220761191179177]]]},"bias":{"inputs":[0.09677712325074461,0.29064586364348477,0.28485182543095044,0.2242923230745355],"outputs":[0.3943571228863949,0.49711924111062156],"hidden":[[0.9979452380329885,0.9677677403906795,0.6464297630313349]]},"layouts":[3]}