{"weights":{"inputs":[[0.7435090703308853,0.7730258008952648,0.35125536917939626,0.7220919242965251,0.9798347820454918],[0.7067660471871373,0.175219132976979,0.39094971988506,0.7577196852965067,0.9396187563694938],[0.3867434165991741,0.17304432912575907,0.4856537331457993,0.7227836331840585,0.13330174409654472],[0.9001445915166484,0.1269124936309849,0.5980859243421834,0.3607258674675049,0.47797969189591827]],"outputs":[[0.7594224590265435,0.18766708804521803,0.06244219479448598,0.3990091639287805,0.5443810328793077],[0.6259020250621332,0.007875752647240608,0.8445262257338071,0.3826304116072985,0.5655844186778258],[0.5432536462873305,0.30395282904549736,0.5382417120257761,0.20841040843818792,0.3701554275331971]],"hidden":[]},"bias":{"inputs":[0.5593939378368573,0.8867081847024034,0.2377612672597682,0.4250119798436207],"outputs":[0.4443815526705832,0.37555787161078436,0.015077835071765966],"hidden":[]},"layouts":[]}