{"w":{"inputs":[[0.2914927449950193,0.7187516020194102,0.10191390688764468,0.41234504823083395,0.49701972910605696],[0.6726114857812784,0.4780275632627593,0.5667742638588409,0.3664213150879285,0.5495844778383847],[0.7764457858321208,0.3334977950602529,0.778417496476183,0.09632201878508595,0.38799153908042183],[0.4695850666962069,0.46742667427815254,0.6039501839009396,0.2821501503493258,0.3111345599531028]],"outputs":[[0.888048335383689,0.12835928836326405,0.9064372277810824,0.33209735956484465],[0.31496768733435454,0.7853525168558593,0.7075170593538229,0.7023685783371316]],"hidden":[[[0.5779255582145,0.5561364690266337,0.0333132699125811,0.9887986789380923,0.014011154142584026],[0.9565132360508384,0.8348084288284527,0.3190369083596494,0.8486495477740841,0.22538449577224262],[0.2960436603492782,0.746873818551022,0.6934056564390916,0.11750899746655818,0.2009674276214113]]]},"b":{"inputs":[0.9861947725909983,0.27306566426692136,0.7373680252459773,0.8813806981250654],"outputs":[0.4740967926122617,0.12099511190256251],"hidden":[[0.9272223848853569,0.4072560841650077,0.25335491950714584]]},"l":[3]}