{"weights":{"inputs":[[0.7030612187122727,0.6284379624330803,0.8145338133112761,0.15283501523279952,0.6141245107447335],[0.43209644462150254,0.18328907784345927,0.9114064148422241,0.4803390179096185,0.14163439794140897],[0.8633699493257239,0.4625249856120397,0.7741475036217731,0.30450236962846655,0.8338479481661301],[0.021415071698308585,0.10468988233749954,0.6149660973907729,0.1369281556930142,0.3848161537873591]],"outputs":[[0.396997560719742,0.47993898226052045,0.7922312375857965,0.3502118685472082],[0.5994033231168054,0.43432977312277177,0.376913913182914,0.5534039866514422]],"hidden":[[[0.14138518352571516,0.428293927481441,0.0851614279204973,0.30507679392472276,0.31354864137986804],[0.8885549962398718,0.3229598014746251,0.43278133778785355,0.695214931274547,0.9135825280031493],[0.4005932181355718,0.6105126202683389,0.7549832097788907,0.020066096300657366,0.5607654610758126]]]},"bias":{"inputs":[0.8526779339539163,0.35142080407575516,0.07942834052963543,0.5040699652992131],"outputs":[0.8780813825562972,0.4732471785799246],"hidden":[[0.5620625525333272,0.6708780792950375,0.8324059383413522]]},"layouts":[3]}