{"weights":{"inputs":[[0.43696427733112414,0.49431310032703196,0.16506958039869754,0.5816382399538548,0.6822145663266215],[0.7921780329113773,0.7990135299677783,0.7822858870233412,0.4407582870266602,0.6697045425844224],[0.9892473644596348,0.409307583575025,0.8505031736861266,0.05190419492403889,0.5564955755119972,null],[0.42951208767110366,0.13929843534970796,0.7459565633415713,0.38395026392463666,0.5356773957972513]],"outputs":[[0.8945888278706468,0.3366227770845996,0.8180130435764329,0.912129994162314],[0.8654217534133705,0.7462414663124253,0.9762904099121953,0.10233163720596782,null,null]],"hidden":[[[0.19421849754120576,0.49002473080196396,0.034348777495315105,0.6757326360845447,0.06911760162422512],[0.8414763198533222,0.23242417745291266,0.331931320762964,0.6741509281477919,0.9034541562315863,null],[0.9156102158762326,0.37612945388395796,0.182591442591161,0.35280428800984215,0.7549074229366007]]]},"bias":{"inputs":[0.3368257341212241,0.1842006849093765,0.8464728612853907,0.34178159087343807],"outputs":[0.4512892096302831,0.12710377235821899],"hidden":[[0.701167766721289,0.2616261735825259,0.06578327647283416]]},"layouts":[3]}