{"weights":{"inputs":[[0.7557400224516932,0.7491437749040835,0.5885096676094725,0.40493327964064063,0.9896275758001094],[0.2272091577241533,0.8475107143150091,0.8048459668794301,0.40056043153706344,0.1562411415409184],[0.9987210957678534,0.6492489664550765,0.8601204520759527,0.9624040438205028,0.06841433668632413],[0.334764728489757,0.2401244329445511,0.4276112304613715,0.23616445832823074,0.7056148767462265]],"outputs":[[0.515554993885698,0.5691471961518297,0.05381786658198884,0.348808332679037],[0.711910478382263,0.9134842536982228,0.016505993917017125,0.15343701057772874]],"hidden":[[[0.2548091824033121,0.8397315287374538,0.4343633481437521,0.23484270028488985,0.7804784832551872],[0.9143904409310546,0.20182725576891936,0.4441675064053572,0.9417758823463844,0.9613911563791138],[0.5571128816411925,0.4028016546542188,0.6323704279653819,0.2664205969001887,0.3893725566194093]]]},"bias":{"inputs":[0.5430217791152896,0.6569720405481385,0.29474767359628107,0.7018730310735919],"outputs":[0.1544514842992395,0.9989515199667813],"hidden":[[0.30935702860760217,0.47748495121952317,0.8406737089894509]]},"layouts":[3]}