{"w":{"inputs":[[0.8730481370198602,0.2984559030529761,0.31981135081413314,0.9992330588397209,0.3714018265829162],[0.3263533402708012,0.8172771413147584,0.7474675012384533,0.8564947919045354,0.3318969348175522],[0.8064153456563266,0.5416032516004032,0.5526308187922613,0.9257827039940056,0.3491177570561319],[0.8294840602435907,0.10791824629296554,0.08732818926805952,0.5920904427214368,0.25142917010460564]],"outputs":[[0.1391581521797587,0.08691899087332522,0.5678193975439809,0.12744883750967295],[0.45134148589280354,0.761364990902966,0.055836884685725785,0.42825592744914687]],"hidden":[[[0.7735249501814623,0.8250531053583947,0.9783446454117586,0.6569915413913825,0.8495114053295576],[0.46760396954794303,0.9726406666325891,0.6044000252278336,0.8501145581238818,0.7839213236024991],[0.7910493582508964,0.3734456474827512,0.20616479187694026,0.34932870852989684,0.25575938554165933]]]},"b":{"inputs":[0.039003660741528945,0.9463748528205733,0.8777258891210338,0.5788312679114085],"outputs":[0.4587241998875169,0.13870267951040782],"hidden":[[0.37645718891010893,0.1558892682297961,0.630818447047979]]},"l":[3]}