{"weights":{"inputs":[[0.6127655943088448,0.3919975805012841,1.2231520430223297,-0.4978451252708176,0.4965100515216718,null,null,null,null,null],[0.059952656907766855,0.7581558590795836,0.7537165817813258,1.8259000178171203,0.1259779154584526],[1.470612895997065,-0.32343618909654936,0.14934298994788953,1.3479809092277633,0.6300800700952316],[-0.03024200184457082,1.133735471769666,0.7322955125815052,0.533966912830641,0.14125665248199026]],"outputs":[[0.5208658985979124,0.5728428898564561,0.1318833724843682,0.5927656641588528,0.6573766619542314,null],[0.8124399186566131,1.2069387857260652,1.486016608604357,0.9679193267554762,0.2925975469733615],[1.098073857629516,0.0180504644857562,0.06062955176283591,0.44688030535921053,0.9406283295626325]],"hidden":[]},"bias":{"inputs":[-0.14201489949140877,-0.09287252262102919,0.03692224919357723,-0.3852516955297247],"outputs":[0.2612302792643384,-0.7571723429462234,0.8359738729447552],"hidden":[]},"layouts":[]}