{
    "w": {
        "inputs": [
            [
                0.8185650554006452,
                0.6099603718118194,
                0.6224303326773466,
                0.15451279374747684,
                0.7035925856970668
            ],
            [
                0.08787628250284607,
                0.40574245598794256,
                0.060328157363428,
                0.3572262766812715,
                0.9838160958960782
            ],
            [
                0.6047208300198514,
                0.3442569727536451,
                0.9561405137667747,
                0.45624647570962074,
                0.38600252756591846
            ],
            [
                0.9570403471902247,
                0.04917530974769746,
                0.4716196788757532,
                0.76879553132017,
                0.46843943687669287
            ]
        ],
        "outputs": [
            [
                0.832738223547419,
                0.8575243704747062,
                0.628751353144448,
                0.08294903323736458
            ],
            [
                0.5397809263974644,
                0.40608595797688496,
                0.3237879769272314,
                0.38518411076035775
            ]
        ],
        "hidden": [
            [
                [
                    0.715258543646814,
                    0.049939214827272815,
                    0.9484784166500926,
                    0.6792940006016948,
                    0.7425686114834529
                ],
                [
                    0.2523130856959199,
                    0.20248009568824354,
                    0.9901501000715709,
                    0.9396569558872825,
                    0.2596320899670723
                ],
                [
                    0.09664575177520729,
                    0.7787602796300548,
                    0.5192474812674057,
                    0.8236391337584241,
                    0.5907565530350833
                ]
            ]
        ]
    },
    "b": {
        "inputs": [
            0.671296587295173,
            0.09096322174630278,
            0.5690264775530118,
            0.5483445670359086
        ],
        "outputs": [
            0.9123441020836878,
            0.08029897638187089
        ],
        "hidden": [
            [
                0.15532214152669743,
                0.42682910848360023,
                0.5357765309445646
            ]
        ]
    },
    "l": [
        3
    ]
}
