{"weights":{"inputs":[[1.3660256680174536,-0.1400033877504867,0.19841753434188436,1.1493237919228607],[0.5606951392234465,-1.0789798261892918,-0.1430422383137413,-0.33695797926733784,null],[0.767273224189116,-0.29295476510625873,0.5535550729373913,1.1067086322986563]],"outputs":[[-0.09569969102901821,-0.9502403054352309,-0.5618245496336114,-0.6234582796311827,null],[0.8595833348790947,-0.6888035133798163,-0.46633676875065055,0.7900567555576206,null],[0.8974950151240506,-0.44612826455080157,0.12462654526605998,-0.015427815719049942,null]],"hidden":[]},"bias":{"inputs":[-0.8092932382555218,-1.3170569531239225,0.2320441715446313],"outputs":[1.1449504413958886,1.6775933138273775,0.6996456201296726],"hidden":[]},"layouts":[]}