{"weights":{"inputs":[[0.08680020596922855,0.49567710549900457,0.9103769660058221,0.13474163181320087,0.8910328841007478],[0.982869608226431,0.5854855365696079,0.04101974546178999,0.40167343414573686,0.4428802556513778],[0.7084443689160602,0.21611223824363823,0.41822016607953927,0.34937797795901937,0.8330241904988362],[0.12233908088591838,0.17437954249328613,0.9272788901023443,0.49015798581074854,0.2643053896965215]],"outputs":[[0.9129925942770958,0.6624855354191406,0.06922565557855132,0.8183600109236764],[0.5396976071079271,0.03911298725966672,0.8096581319761298,0.5962025011994467]],"hidden":[[[0.11178800444422454,0.15063817551761893,0.25592305899497503,0.9601488249966823,0.36284773299391104],[0.05172804578046253,0.2712620130353083,0.3908533298083894,0.3071175900246246,0.6680816107947811],[0.23684498222685457,0.460212077542935,0.4437185260010783,0.9815417547280616,0.2287240383437339]]]},"bias":{"inputs":[0.6322427456830162,0.7277766450913823,0.5869949365582725,0.6002353893505337],"outputs":[0.8602149352923516,0.030706011152571877],"hidden":[[0.6180601304350746,0.10414818514028945,0.6219702650184078]]},"layouts":[3]}