{"weights":{"inputs":[[0.4344086236145136,0.4943683364068635,0.16587516079035175,0.5843950598170896,0.6845739120670279],[0.7936052478513805,0.7966111913056811,0.7817265662661481,0.43999348797141363,0.669663960618169,null,null,null,null,null,null],[0.9922389380017287,0.40659477305421365,0.8487412689779247,0.050189522048343954,0.5561983714320361,null,null,null,null],[0.4311295901892962,0.1388499814653776,0.747532364906672,0.3825441582463186,0.5360111596661165]],"outputs":[[0.8944733028842807,0.33563101077937807,0.8143885842779276,0.9111268198224919],[0.8618693559939398,0.7468326294908477,0.9742213042882037,0.10656222828659875,null,null]],"hidden":[[[0.19420936758739724,0.49009221067651765,0.03482558076540545,0.6726798410018204,0.06945332306288711],[0.8412232531685312,0.23216892366397943,0.3336371699856219,0.6722355878283429,0.9033116582876871,null,null,null,null,null],[0.9154613699572618,0.3762093889670471,0.1816223942338368,0.352768308456643,0.7523823903725247]]]},"bias":{"inputs":[0.3387612920613722,0.18451805196967316,0.8456147352383294,0.6064836324597881],"outputs":[0.4506725767423466,0.12661819912072608],"hidden":[[0.7008255170898561,0.260245810741804,0.06611190469619056]]},"layouts":[3]}