{"weights":{"inputs":[[0.748265186524996,0.7480619163587368,0.3647916454593791,0.6952064201658246,0.9798347820454918,null,null,null,null,null,null,null,null],[0.716142236910569,0.22112972913769854,0.42818127721078725,0.8006701777370724,0.9481364128014604,null,null,null,null,null,null,null,null,null,null,null],[0.445551360271498,0.14892598790659667,0.4856537331457993,0.7096801875298316,0.14816609771992154,null,null,null,null,null],[0.8559086405232756,0.1269124936309849,0.5980859243421834,0.39213160791288115,0.467562803719623,null]],"outputs":[[0.7604047770662111,0.17514544725951534,0.06626906779818842,0.31387841256511195,0.5804327052148841],[0.5952504859988972,-0.009753496364144909,0.8333907007766898,0.4090337777347399,0.5527243810506994,null],[0.5613195975223433,0.3518410579673143,0.5298751280192371,0.20841040843818792,0.40441060676293333,null,null,null]],"hidden":[]},"bias":{"inputs":[0.5593939378368573,0.8867081847024034,0.2547661990782213,0.39184369682344383],"outputs":[0.4079813391686432,0.3381163891501545,0.01714397304459079],"hidden":[]},"layouts":[]}