{"w":{"inputs":[[0.9195430343348066,0.09875686271374118,0.038798464159599755,0.9031349530061916,0.25781165324006783],[0.9599522318067613,0.42053262410109093,0.9356591046641964,0.8598933549772527,0.7742572618712755],[0.25000798125958834,0.21196890558081183,0.5982492817080833,0.36576757951314276,0.6577913611531181],[0.9137527349695578,0.047933714126781934,0.8964741524504498,0.6476480033171907,0.41470618159721484]],"outputs":[[0.0007559111917714301,0.3111534078899012,0.08589060155219075,0.6041276710970505],[0.03160884581979029,0.17802956747722165,0.23833428280095004,0.8325288027324524]],"hidden":[[[0.2450259450603829,0.3382719176124034,0.920659281318789,0.3021435410171118,0.41074599208356033],[0.702841616966744,0.7502169524113864,0.10957895688601504,0.42392324551824734,0.1287616269326044],[0.43331239957651513,0.07459055590144459,0.8713960836992829,0.9147910046653678,0.7484811201529451]]]},"b":{"inputs":[0.5397015683691859,0.18215813468377084,0.9916447197263847,0.038350072726271334],"outputs":[0.7162767223380957,0.6050367550494309],"hidden":[[0.41564799750786063,0.8733096174566086,0.17944893544624319]]},"l":[3]}