{"weights":{"inputs":[[0.891311923564907,0.5439396063991349,0.9761005323726113,0.7455282127883678,-0.13576131694204285,null,null,null],[-0.20514850137339913,0.9945019578756684,0.293047345331247,0.6535457868106975,-0.18965330020709348,null],[0.6519096231423795,0.7186766793889021,0.7545640651901662,0.35394004067371987,0.9750611553931461],[0.09190604748180875,1.2117849765130335,0.8181503915198522,0.49718473691000176,1.1281171692085985,null]],"outputs":[[0.5401877431702737,1.357532365142264,0.86465521262661,0.7145053948724973,0.09205129084937358],[0.9125175670713828,0.7117398366064986,0.3326219365509051,1.0309757728021949,1.046473270298972,null,null,null],[-0.17324941217133638,0.8017493329781205,0.30963843299723215,0.8432063121557156,-0.22440540737547643,null,null]],"hidden":[]},"bias":{"inputs":[0.8090771770002061,0.7963316808853718,0.24946325940086322,0.1919128036982003],"outputs":[1.4205220983864133,0.49864350875636787,0.5762409678294913],"hidden":[]},"layouts":[]}