{"weights":{"inputs":[[0.715037458554338,0.7730258008952648,0.3476095341582247,0.6960676527199823,0.9798347820454918],[0.744562559237113,0.175219132976979,0.3783022849926999,0.821630202082341,0.9415070452545251],[0.42112289470437,0.17304432912575907,0.5243864946354074,0.7732071630728712,0.13330174409654472],[0.814509439884282,0.1269124936309849,0.5700749945127079,0.3424417170970591,0.40184933791218974,null]],"outputs":[[0.7865885890223485,0.18766708804521803,0.08528284062032185,0.3887826032449184,0.5045034538538644,null,null],[0.5983199465623606,0.04245912775855578,0.7997492629520246,0.41322688960062154,0.5846428641112876],[0.5432536462873305,0.30395282904549736,0.5716005586575836,0.2563006966832839,0.3372375027796814,null,null]],"hidden":[]},"bias":{"inputs":[0.5592151391672202,0.8867081847024034,0.2974702000272158,0.4633414278006718],"outputs":[0.4079813391686432,0.37555787161078436,-0.02840123347177339],"hidden":[]},"layouts":[]}