{"weights":{"inputs":[[0.4643082104933509,0.38008195722134164,0.37750190833553354,0.7970506160551813,0.24089861724587291],[0.3030099905431556,0.4792529186823533,0.8518834939732236,0.7790318996285774,0.068842305835914],[0.23745094528559973,0.3082648706203146,0.8440638466687205,0.6039284565215863,0.9879176298145564],[0.636032085560414,0.3329198549203809,0.47077729808626745,0.09237753541489058,0.4977851955448287]],"outputs":[[0.11975675295396626,0.7200802202508778,0.29478471657977456,0.015833804752219738],[0.876032524724428,0.7062726005494693,0.2779995671163653,0.3868574720592801]],"hidden":[[[0.5624847578832297,0.5852341920750115,0.9350154627497489,0.07186134438609115,0.4021941120240806],[0.8497398597275887,0.8926808919669451,0.8318271293336377,0.47381942905073404,0.7459423354165688],[0.5383220455417397,0.15662041432741836,0.7780548507273497,0.8421849394011862,0.07121551309888208]]]},"bias":{"inputs":[0.6192856645734024,0.44443702710591637,0.28405249201519256,0.4165009313380621],"outputs":[0.6770078766658869,0.18895990319688272],"hidden":[[0.8884316080479064,0.2769276887100458,0.1221850719731914]]},"layouts":[3]}