{"weights":{"inputs":[[0.6010379109324868,0.6593655833558818,0.8786870003744445,0.7131151101282369,0.4247491758449775,null],[0.4780565247679809,0.4677044515272544,0.18510455755225208,-0.3170529026402271,0.11582261247398029,null],[0.4532438927811062,0.5436000839620139,0.7610632122079362,-0.12599758072618084,0.8820068691145568],[0.28800563637743193,0.7738062106054882,0.32271825915043895,0.10386592760101832,-0.1806006859652023,null]],"outputs":[[0.7360073534244338,-0.08398316879001455,0.08980593009330584,1.2856560909990438,0.32562983102303167],[0.3536883909530375,0.27224675050349534,0.8938062685181554,1.0539641582534318,0.10874009306849386,null,null,null],[0.3557803337880865,0.39314699999513936,-0.35827857112932615,0.1830582386146442,-0.3478306372464324,null]],"hidden":[]},"bias":{"inputs":[0.6249206863265824,0.7483377393594968,0.1576295745162566,0.5678231743639162],"outputs":[1.3487032247869304,0.8560927977784762,0.1621665152238616],"hidden":[]},"layouts":[]}