{"w":{"inputs":[[0.8822567892910926,0.5090233057697171,0.9173476383313715,0.26921950389261906,0.187060079789112],[0.4378292390064289,0.7361241343186427,0.5474829940129282,0.5994150956303961,0.343930933801855],[0.8152368658052795,0.651181041057419,0.551059448409857,0.4778205267719229,0.7195886565503842],[0.19418495638478794,0.6133176841771535,0.8783884668185931,0.15133429487378458,0.668091432261285]],"outputs":[[0.007385269588662924,0.4353977692726494,0.7324356703184056,0.31851235468206784],[0.5114598518499847,0.6813568855322722,0.41900566292014174,0.772184114741731]],"hidden":[[[0.8186705361677569,0.14815231273342877,0.06516781575012343,0.5577018669878393,0.2721369511111553],[0.6539244076860471,0.36179734521624307,0.16879538399486016,0.9453414860492122,0.11210088785405059],[0.7651278459468491,0.716015865002319,0.15877619333457704,0.6120571435979061,0.5064308898331182]]]},"b":{"inputs":[0.4063155001398129,0.7808057819060288,0.6706397735221807,0.46514466119204223],"outputs":[0.399554072765657,0.0038772655051815264],"hidden":[[0.31581456195845514,0.41181383118389747,0.45462742327712324]]},"l":[3]}