{"weights":{"inputs":[[0.4337449752869666,0.4943683364068635,0.1654131043756455,0.5843950598170896,0.6846918783909186],[0.7941151604395855,0.79714695438855,0.7817265662661481,0.44043479815725844,0.6687005213699215],[0.9935828023214514,0.4064841763798413,0.8494218782601544,0.04857351129793762,0.5565036616729206,null],[0.43059410842595475,0.13829758603845657,0.7459529632989099,0.38284180214059144,0.5367474082034769,null,null,null]],"outputs":[[0.8944733028842807,0.33492616387844903,0.8147636398051228,0.9111268198224919],[0.8610666215229359,0.7459725211467686,0.9748444934803681,0.10590612059440262]],"hidden":[[[0.19337076355925195,0.4903448572812234,0.034904757270130884,0.672985297929698,0.06944690720284168,null],[0.8412214862976444,0.23196489834031214,0.33464141753414217,0.6712905819595855,0.9038839857286781,null],[0.9174040283013478,0.37579242558185855,0.18154034010253098,0.35268168442695114,0.7532639781718317]]]},"bias":{"inputs":[0.3391589844380581,0.1838897114613248,0.8457800107989499,0.6044005144310414],"outputs":[0.44886283017966,0.12661819912072608],"hidden":[[0.7007996175062119,0.25999353373301903,0.06561551541392802]]},"layouts":[3]}