{"weights":{"inputs":[[0.06147392761839465,0.47612736747625295,0.1567572643065409,0.5381494576964989,0.4783402564681547],[0.919689675628591,0.3043177548031515,0.14190980704988498,0.8501571403912895,0.03399483565908712],[0.8585932312085534,0.17029835224858414,0.4090214038943616,0.900866823515434,0.9328083150088382],[0.8270366331462944,0.3633787880090398,0.2150363692351993,0.7917923993917484,0.3261424604378098]],"outputs":[[0.20078358752564252,0.7614330975517765,0.19185022898392523,0.5331072833567905],[0.6318289054626383,0.0679361103922358,0.3255084893283513,0.4484515718992106]],"hidden":[[[0.5375538363482295,0.3717486568221138,0.3855241198804098,0.21040789013812677,0.72771044653352],[0.41133598329783005,0.4064943185234553,0.9784357523627305,0.27320125203738743,0.4925412156077462],[0.9645832933568963,0.6903639797284489,0.018335349646496857,0.698410914554308,0.7865679080619092]]]},"bias":{"inputs":[0.38312818114695557,0.43727785636658734,0.822974398627937,0.6183614162474909],"outputs":[0.6704827965686435,0.1619849436655183],"hidden":[[0.41809391088860925,0.4665861199339867,0.3380136355388301]]},"layouts":[3]}