{"weights":{"inputs":[[0.43628369702427733,0.4947386866159714,0.16486557875853727,0.5837799011297976,0.6840519197689651,null],[0.793560545918643,0.7954786920184318,0.7787769301608409,0.43827804947285864,0.6664761893169918],[0.9920025166494273,0.40542199540771034,0.8463740957050516,0.052380874877846706,0.5551568756214683],[0.43044046305384714,0.13812434923719874,0.7471089590627221,0.38339500732114573,0.5368184217590025,null,null,null,null]],"outputs":[[0.8947288939350577,0.33748094171390136,0.8159434996391859,0.9089173896599466],[0.8625182954694051,0.74636594122603,0.9744196509292569,0.10510286021090785]],"hidden":[[[0.1938615651647281,0.4887329588566612,0.03348101614135674,0.672765948756591,0.0696987543998445],[0.8412232531685312,0.23384141085368262,0.3331046470425979,0.672402762662936,0.9033116582876871],[0.9165825797882451,0.3742697848173254,0.18327716702567107,0.35205217923646864,0.7522135731747411]]]},"bias":{"inputs":[0.33782401292006103,0.18356630724133485,0.84501755918483,0.6062929446533755],"outputs":[0.4493224035831474,0.12731828779234952],"hidden":[[0.7017156103131119,0.2594830854734237,0.06628199109555129]]},"layouts":[3]}