{"weights":{"inputs":[[0.18903268074873236,0.6300885757037098,0.6330136105543072,0.39836517817189243,0.25933521470328413],[0.3652248607499451,0.14337602620894496,0.6081768087328263,0.9383409646640668,0.7296236110506733],[0.6754883798834987,0.6046775368381396,0.5419913613889138,0.9464435547918479,0.06094487806039672],[0.7291049209559439,0.9796382545089417,0.6549380462108016,0.10627561073800096,0.9839070415409652]],"outputs":[[0.7225423963680722,0.11200221905737329,0.2049193752293592,0.6003584261590746],[0.23559542503354947,0.17444367046283582,0.1679213531728745,0.2610252378040687]],"hidden":[[[0.20177971791537597,0.10358903936129815,0.7430174312837388,0.7052184262002397,0.959612248203066],[0.9239829675051281,0.528573692289164,0.29117087052261725,0.7931973208540117,0.24136261883012877],[0.9587386551121351,0.8405840619162075,0.6638969082179564,0.8548604289029227,0.31189693415254816]]]},"bias":{"inputs":[0.5949420652799846,0.4468491571176372,0.1643999379122454,0.41784022099919227],"outputs":[0.3271407020754331,0.48813509519483045],"hidden":[[0.8631010071094178,0.9430465904770231,0.9397397955610951]]},"layouts":[3]}