{"weights":{"inputs":[[0.5090637092579466,0.8064504203820024,0.3514842158350704,0.2775465873666745,0.8998331996074671],[0.6204270573540998,0.014820454929568516,0.25502313781773367,0.10443539972676064,0.1838303440875415],[0.15855469572390302,0.3705959184498733,0.6031746099078819,0.43702567672762793,0.8908805696595257],[0.4239082362367925,0.7469176864297093,0.8391128156951604,0.8713431723644696,0.0558655225997684]],"outputs":[[0.4334242645609945,0.6114476839435652,0.5933781062713555,0.012804243294300077],[0.1489547229329673,0.5717039404826185,0.3821735368389969,0.2543076716446331]],"hidden":[[[0.46878577481587347,0.16847192497552554,0.4904565537420833,0.8359342207240654,0.20037638136962377],[0.7141589183094401,0.15016222852031258,0.18506571640187053,0.585564917729609,0.9380325701046492],[0.2073602153224574,0.5410694875865489,0.6549722760387304,0.9696456451260043,0.29703247490286233]]]},"bias":{"inputs":[0.21321134132601727,0.6369596731587386,0.1661749071545484,0.3616586671082427],"outputs":[0.9898430527137958,0.8240894809732906],"hidden":[[0.3665330033316394,0.6217818544546188,0.5800574158647964]]},"layouts":[3]}