{"weights":{"inputs":[[1.1870612364462794,0.17296970153727886,0.7870318325088816,0.6774744058568551,0.9535358042249888,0.3236056346086371,null,null,null],[0.483597048972116,0.5269182723058308,0.2562035323510896,0.6248091982828408,0.5822817654718317,0.42032763124686934],[0.9877800703126085,0.6307275188537862,-0.5484700500868342,1.3106910148328585,0.20545833290522864,0.3215442991720898],[0.8772836544952136,0.9878712198540394,0.37849567252738714,0.2506342209688972,0.8556566938960768,0.24493112760638547],[0.019521130415494747,-0.08919569061360622,0.1747222964271351,0.9247395820837128,-0.1062803465648332,-0.04724277561653434,null]],"outputs":[[0.6513378668445491,0.7020282076595212,0.5055939417044728,0.3139240154731755],[-0.18284492960961773,0.7214450571579938,0.9783078131965468,1.0769807110596226],[0.10301251152201063,0.4997159598779015,0.5472343808421436,0.8985674388642511]],"hidden":[[[0.5360438374967096,0.4468318824066493,0.844524227881015,0.7606807468563317,0.33006281203800225,0.4655566559968163,null],[0.17895354366802074,0.4205304631714364,0.8835845201680441,0.47207057205591063,0.5293970353960948,0.21263897542956545],[0.7031001873032454,0.340623231692162,0.46656179353944527,0.703332810482314,0.42206143665731477,-0.05521413386461904,null,null]]]},"bias":{"inputs":[0.17578337244964204,0.09202647385288176,1.2469592890401597,0.49281112790681236,0.6478104303991918],"outputs":[1.0048416380320377,0.9751785889798821,0.3048589075405308],"hidden":[[1.2455385903591478,0.6963980134564334,0.08635678611749475]]},"layouts":[3]}