{"weights":{"inputs":[[0.12174342763093615,0.3265840693928943,0.9572167882176563,-0.21450192079248342,-0.22350486467075248],[0.4977374946156783,0.7103049763840126,0.443513618121155,0.24427270871373574,0.3465400742051772,null,null],[0.5195129392123723,0.24964132639688175,1.2034280081851692,0.5149454723620073,0.9866962881140915,null,null],[1.0365428510212737,0.6964161143832452,1.1388776924071224,0.6043841516153556,-0.14155896388390832,null,null,null,null,null]],"outputs":[[1.074781429253094,0.3859400847574552,-0.02333734540957222,0.16418774413608395,0.9899084902334663],[0.8002441897423849,-0.1691051534639001,0.7586210430357272,0.23489101704482618,1.6867552893209914,null],[0.3830258776880615,0.04578704410197143,-0.11988536490147594,0.40595925935918564,-0.28175038212401793,null,null]],"hidden":[]},"bias":{"inputs":[-0.4759389121540094,0.18095565025645444,1.1986794092202584,-1.152237482228985],"outputs":[0.31429013418777263,0.39372449899750817,0.24336901120135623],"hidden":[]},"layouts":[]}