{"weights":{"inputs":[[0.4815388584652476,0.4044658725470678,0.7739200583567567,0.8094905088264197,0.9605358144082337],[0.8068947765096293,0.8770951741301507,0.3529873183519381,0.9198900856456809,0.33858750638831103],[0.7658759256241443,0.023022544168479042,0.7973288919813564,0.287672225330021,0.4219066722884046],[0.08948013743529293,0.5668310274728396,0.4618400311640649,0.06164465302496103,0.929968526614573]],"outputs":[[0.8874400726597946,0.9955715093999842,0.30601236645206487,0.8751275011398418],[0.9071562002001885,0.12810936691305908,0.642954625460697,0.534648300267802]],"hidden":[[[0.48526066973669213,0.4105510989581689,0.9468452944149575,0.25049575335185437,0.14750011642038374],[0.5161881228112368,0.02217244085488823,0.7897668682490719,0.007648857010941201,0.3501497385784367],[0.9267824521262726,0.9579511828026872,0.9710265303129653,0.9181210894755423,0.27315875860409866]]]},"bias":{"inputs":[0.42998872846663816,0.7620316088767121,0.09087760293553448,0.9035254796097816],"outputs":[0.004203548341518815,0.5233029173580286],"hidden":[[0.8175069033916951,0.587020463441996,0.9805315245752309]]},"layouts":[3]}