{"weights":{"inputs":[[0.12435397216674904,0.7857953711270258,1.1757076383883747,0.44830540533333396,-0.41223368153869844,null,null,null],[1.1351131545484003,0.40949132484865114,0.7167274884650119,-0.22114252791183753,0.01386215883536357,null,null,null],[0.17715870551270574,0.4785711716300134,1.0234765889628468,0.3942188992379225,0.3916581650781483],[1.2830137400915909,0.6964161143832452,0.7833081933392738,0.6043841516153556,-0.14155896388390832]],"outputs":[[0.2699801223390754,-0.2685704993494029,-0.773350515143747,0.2734854690380022,0.9899084902334663],[0.6618634126575813,1.47818013588404,-0.28408900195327225,0.4605843544380397,0.3833113498192138,null],[0.7558509994044253,0.22570802123230993,0.21482536395610508,0.1670953155547683,0.04325034692954399]],"hidden":[]},"bias":{"inputs":[0.25490593500392,0.3266337410541127,1.0370076216800304,-1.152237482228985],"outputs":[0.6997410900413714,0.01262465098301968,0.16713930633685425],"hidden":[]},"layouts":[]}