{"weights":{"inputs":[[0.748265186524996,0.7840999734473958,0.3647916454593791,0.7220919242965251,0.9798347820454918,null],[0.7067660471871373,0.175219132976979,0.39094971988506,0.7767953673937161,0.8935153822720348,null,null],[0.4025587464512962,0.17304432912575907,0.4856537331457993,0.7096801875298316,0.14816609771992154,null],[0.9001445915166484,0.1269124936309849,0.551024104408371,0.3607258674675049,0.4625043139457431]],"outputs":[[0.7594224590265435,0.15280167050742421,0.06244219479448598,0.3644600799741807,0.5443810328793077,null],[0.618437255540345,-0.024589877068550467,0.8180121607006795,0.3826304116072985,0.5655844186778258,null,null,null,null,null,null,null,null,null],[0.5432536462873305,0.33254498279916656,0.4986561187557363,0.24012318008355793,0.3629934383216147,null]],"hidden":[]},"bias":{"inputs":[0.5593939378368573,0.8867081847024034,0.2476251748032885,0.43925659724332944],"outputs":[0.4079813391686432,0.37555787161078436,0.01714397304459079],"hidden":[]},"layouts":[]}