{"weights":{"inputs":[[0.748265186524996,0.7119717169534241,0.4131194766417148,0.6880006954577337,0.9433079413629447,null],[0.656944234794949,0.19103164936022182,0.3587229639512994,0.7166863311301915,0.9276832062433213],[0.42112289470437,0.17304432912575907,0.4856537331457993,0.7399951615216593,0.13330174409654472],[0.9131108878117714,0.12706139147057885,0.5543179733726402,0.3378406133860677,0.4721632654123273,null]],"outputs":[[0.7865885890223485,0.18766708804521803,0.04297807034065468,0.4361033207392768,0.5045034538538644],[0.5983199465623606,-0.0065506045280865136,0.7997492629520246,0.42000536752956646,0.5928528642328672,null,null],[0.5445522869967235,0.32308844845630047,0.5256487785778866,0.2563006966832839,0.3372375027796814,null]],"hidden":[]},"bias":{"inputs":[0.5593939378368573,0.8550959885835154,0.21763212035353557,0.43925659724332944],"outputs":[0.38656120661501037,0.37555787161078436,0.05198004303189021],"hidden":[]},"layouts":[]}