{"weights":{"inputs":[[-0.1568926528868344,1.745773243140205,-0.05874777403562148,1.2957423141673683,-0.7944631161080231,0.186069199562511,null],[1.183805230521987,0.6479347542838239,0.8972481259523941,0.02955279164836222,0.6716542271266419,0.5781504602415846],[0.4219306928237663,0.8900769731231126,-0.4090048745704711,0.39052597288501234,1.030468898835332,0.15586084415050205],[1.581529779342783,0.327677346196771,0.15562243278972265,0.18595625289472784,1.2503215794868778,-1.104656490474085,null,null,null],[0.5779725571644632,-0.188849298457745,0.8487388101765079,-0.03906893002532241,0.7729506410715321,1.5886147462628575,null,null,null,null,null,null,null,null,null]],"outputs":[[-0.29381636437971625,0.7152428670845279,0.7453322241983278,0.6601501945651076,-0.018285624759210917,1.5323946247387243,null],[1.631337368215518,0.7644922455867831,0.9892067641356665,0.05243926216145889,1.6078926929591972,0.09918769529552551,null],[-0.3045367126295506,1.9487346467070186,0.6036182667216929,1.1067267221392776,-0.7623732135663477,0.605491447998435]],"hidden":[]},"bias":{"inputs":[0.5911950752840174,-0.4843569158909886,-1.2839061680308457,-0.39200978235268824,0.3270998501909428],"outputs":[1.0555255348773909,-0.10227401177803652,-0.34284718545161796],"hidden":[]},"layouts":[]}