{"weights":{"inputs":[[0.15954993636630221,0.7095988937877675,0.8190472445607944,0.831492037078478,0.2784927183252788],[0.01932385295723349,0.715209484118825,0.1985348026454934,0.008182700027875578,0.8908827234641132],[0.7106041202542142,0.7906170916161452,0.9954407018213962,0.19125688084714243,0.2901092951951827],[0.994316736485328,0.6542298196829863,0.1938018362034153,0.7141684810983349,0.3903269925227495]],"outputs":[[0.7645467723321782,0.7556249186568711,0.7770751316909048,0.8925072977464172],[0.6082491687109617,0.8504721250336156,0.00410041150234397,0.8595229753918046]],"hidden":[[[0.6821104726127503,0.5318808906255601,0.17709072622072752,0.38412848031848634,0.4023101414034278],[0.4067449849024485,0.2884991116079896,0.8472986106689993,0.5846869926178189,0.15870552575460573],[0.9599961025226049,0.5876996782594377,0.35212620685918594,0.32423331637857733,0.4117317700649623]]]},"bias":{"inputs":[0.37021219559824203,0.5208748489866721,0.015835061651451765,0.8562789853474839],"outputs":[0.27089677031986037,0.41808802075623763],"hidden":[[0.46207061811673844,0.07061553424827638,0.12163703854859209]]},"layouts":[3]}