{"weights":{"inputs":[[0.7435090703308853,0.7730258008952648,0.35457245889309685,0.7220919242965251,1.0187099962921897],[0.753913969201653,0.1346999568973332,0.42818127721078725,0.7961331930768675,0.9481364128014604],[0.4025587464512962,0.15143576241328893,0.46922930648854877,0.7096801875298316,0.11510009672902861,null,null,null],[0.8817502207599998,0.10579349636377242,0.5824951927081856,0.36623674904760084,0.4625043139457431,null,null,null]],"outputs":[[0.711140907398447,0.11186158811459412,0.06244219479448598,0.3433199821585405,0.5825320482518469,null,null,null],[0.5969516893047396,-0.02758918806741881,0.7829565287226457,0.3649480999794792,0.5655844186778258,null],[0.5432536462873305,0.2601079325814139,0.5889077639215107,0.2563006966832839,0.3180085904362693]],"hidden":[]},"bias":{"inputs":[0.5204351432916318,0.8542018663615446,0.24639848900262096,0.43225180424643755],"outputs":[0.4365135013681429,0.3381163891501545,0.04694008914835393],"hidden":[]},"layouts":[]}