{"weights":{"inputs":[[0.4352889410122932,0.4947386866159714,0.1671588227178124,0.5842573764550122,0.6840519197689651],[0.7939065287738106,0.7966626534259524,0.7800605481578828,0.4394478449695867,0.6687215621834401],[0.9922389380017287,0.40646631090316454,0.8483311475415941,0.050189522048343954,0.5571910276430332,null,null,null,null,null],[0.4311295901892962,0.13902288381330785,0.747532364906672,0.3825441582463186,0.5360111596661165,null,null]],"outputs":[[0.8944733028842807,0.33563101077937807,0.8151647150405968,0.9103675837522668],[0.8612939037695639,0.7469998797436627,0.9758010770387237,0.10314512828245505]],"hidden":[[[0.19420936758739724,0.49009221067651765,0.0348599934300972,0.6728995494943448,0.06945332306288711],[0.841471381752687,0.23288410523589523,0.3329059844413699,0.6714068937479628,0.9029594274999898,null,null,null,null],[0.9162232073419498,0.37593524423426006,0.18166659386840173,0.35276676977297744,0.7523823903725247]]]},"bias":{"inputs":[0.3387612920613722,0.18451805196967316,0.8445531594601605,0.60533064696449],"outputs":[0.4496938363824988,0.1274375405134801],"hidden":[[0.700073687639524,0.260245810741804,0.0660934181154601]]},"layouts":[3]}