{"weights":{"inputs":[[0.4356844764391961,0.4935874325088668,0.16573228408310958,0.582851879159001,0.6841741402720319,null,null,null,null,null,null,null],[0.7922340201824284,0.7952304394443176,0.7797046965714791,0.43802390119732654,0.6674115653435858,null,null,null],[0.9904160474139819,0.40624766113400623,0.8477289167512223,0.050189522048343954,0.5562808794435591,null,null,null,null,null,null,null],[0.43001641834020515,0.13872691351649166,0.7455305822152481,0.38118631022653976,0.536144766969217,null]],"outputs":[[0.8944733028842807,0.33700284761280824,0.8150116233718864,0.9096674591339321],[0.8618422159922964,0.7464554069877004,0.9750434864333816,0.10361109202503577,null]],"hidden":[[[0.19649600290871408,0.4895074496196185,0.03272454595307088,0.6751279839361592,0.06931663989887464,null,null],[0.8410349017842178,0.23340538077422343,0.3331000076838013,0.6714845137936043,0.9028844269906976,null],[0.9175452990000436,0.376257775891636,0.18033664475295189,0.35276676977297744,0.7519134137627129,null,null]]]},"bias":{"inputs":[0.33658130223776944,0.18539153847942935,0.84501755918483,0.6066218554431144],"outputs":[0.4496938363824988,0.12768514798650477],"hidden":[[0.7002273580746736,0.2593806345991129,0.06731214912524962]]},"layouts":[3]}