{"weights":{"inputs":[[0.9140243458942426,0.11096864117758898,0.06028787521274876,0.5419673089204051,0.06409294657307939],[0.8910345292825432,0.4995114285129095,0.7762111934561998,0.07134314187216262,0.5683343361669356,null],[0.9020810446405739,0.12479599645419905,0.8100273073675225,0.8998336157243724,0.5418449398574707],[0.1485708496083757,0.2847158516339938,0.5735666989073174,0.9457442875330753,0.5784066770111043,null]],"outputs":[[0.903941241508805,0.5146251695815345,0.9291592838117465,0.46714854618302876,null,null,null],[0.2587862485028666,0.8805144441989998,0.05851124409814448,0.36563423901288683,null]],"hidden":[[[0.21477631230415295,0.6863636740213646,0.3430012841154834,0.5719950339959124,0.12966244342303418,null,null],[0.7002072707909578,0.21504253786236724,0.34767714072224304,0.9712730141347468,0.6864495100140747],[0.2084178408180554,0.892339784491344,0.15706007968478441,0.4995478607202095,0.5161648546153544,null]]]},"bias":{"inputs":[0.8631005210068003,0.01662110548184092,0.18339954983436288,0.2594261275190301],"outputs":[0.3589537391148105,0.554941258011424],"hidden":[[0.21902225817561558,0.20032172132905648,0.847128572864472]]},"layouts":[3]}