{"w":{"inputs":[[0.2363009801671503,0.5568383189750281,0.23636042658662504,0.09780795019248556,0.8486746528006099],[0.043557898809844176,0.16586230891638887,0.012712824008649592,0.9139606896967796,0.01400210092694576],[0.21198860197194835,0.794741457022277,0.7845905251602274,0.15021305387657002,0.10520000280164665],[0.5391671030501402,0.8621838032316473,0.004068591178140624,0.39343640291242465,0.3157439600367502]],"outputs":[[0.10606343435143373,0.49158067524145355,0.2869649035224877,0.9097515793664235],[0.8330486460775433,0.40066728216144254,0.7984457308908635,0.5290852649530384]],"hidden":[[[0.4136813981189309,0.21985497213313887,0.7110629860546074,0.7543439070882916,0.7038191960878744],[0.2727266978259435,0.4721959363540693,0.9073367397826593,0.8708147641696027,0.42470449424712853],[0.19142961857300356,0.07867604292519648,0.04150422044915447,0.14041801384181674,0.5049048854827856]]]},"b":{"inputs":[0.3178768097984146,0.016998739823905984,0.9475923778314959,0.1261131368348054],"outputs":[0.2855728931276478,0.20890244600300711],"hidden":[[0.1334176244455627,0.6445174596240224,0.5845763188611885]]},"l":[3]}