{"w":{"inputs":[[0.40560468863413535,0.2831162708342019,0.7263215465111805,0.91993016648441,0.7003520135400165],[0.29430525074384817,0.9558577628088996,0.7469540651284423,0.9133810834349312,0.560442971446486],[0.42778123802481716,0.02974112711705068,0.9067447995868563,0.04467346042814091,0.2094780129410987],[0.20556507123256162,0.8129833567585283,0.014603923883060421,0.48267372195078995,0.601706725239854]],"outputs":[[0.776670508238481,0.21989451767677903,0.025457601081146697,0.28695112636296183],[0.21058516647944958,0.8300906345713617,0.9695300856187243,0.35629364493699844]],"hidden":[[[0.9286627946964774,0.06594929993155496,0.273962001245321,0.5527278900778303,0.035315007773162765],[0.18691667289835712,0.20119617651939192,0.1877610923211177,0.563632883624487,0.31564401846879786],[0.9211933174125437,0.18628905811651086,0.28908992861986227,0.6799570997092992,0.29433224739115293]]]},"b":{"inputs":[0.9195113908580987,0.39576999928319556,0.8494497271739634,0.08260486422233515],"outputs":[0.5113636316229555,0.933614638477799],"hidden":[[0.2582506670365219,0.5359773720645435,0.6211987563043866]]},"l":[3]}