{"w":{"inputs":[[0.3666986303530826,0.8923439895429444,0.524898767471633,0.06819040464232717,0.8092411425331745],[0.7147808305316579,0.6239766457787013,0.14023837261027228,0.573262937442637,0.860223124138404],[0.6902703859874186,0.8325442332221094,0.1975207402453789,0.5962543695143994,0.26737557256582356],[0.7806573924531992,0.9390059882721282,0.7961139198679574,0.09020331286499239,0.3226324188003298]],"outputs":[[0.7397152378389555,0.17863128948166862,0.8594322459259587,0.48376726537467585],[0.07155703774236088,0.6696390856171262,0.3784766967653297,0.11044828114126481]],"hidden":[[[0.18623537448862448,0.5163721083459352,0.7436098519374621,0.3438365939868515,0.6291674403756116],[0.9002297730368449,0.6149647788530948,0.5552547191243355,0.2143156223767837,0.4257980294772934],[0.5477101406272717,0.34170354438367445,0.7251309359254205,0.0435198131229515,0.6486143713894781]]]},"b":{"inputs":[0.2789641459759491,0.5873716821436255,0.022606881728411077,0.14072222053790995],"outputs":[0.6797980001211943,0.48395969067586075],"hidden":[[0.07249841993610673,0.8210120756569672,0.1274437653074405]]},"l":[3]}