{"w":{"inputs":[[0.24164422043546674,0.29135450992358236,0.4781892189690857,0.8816931633600353,0.6991932920635673],[0.780111163467696,0.19972126400697165,0.529022118168331,0.030849610473050904,0.40436158906625397],[0.6101004581540257,0.7301382217391463,0.5829507699577279,0.9111739443244429,0.139184108253394],[0.33705718836197307,0.24155422845529761,0.8329036336679123,0.06639665319519072,0.6996049484132756]],"outputs":[[0.822870084689991,0.0013308726959619932,0.5960051463284779,0.6215148008694962],[0.03961266805298469,0.41926809066470794,0.4204909838449351,0.5388175900162846]],"hidden":[[[0.7317415037234185,0.9398297346118065,0.410910832041407,0.15798059721194924,0.6383027882272676],[0.6824106484250105,0.29934757842049264,0.7865106215263267,0.5033808922251679,0.00650104301580412],[0.6762684380724753,0.1946980928115094,0.21951135230209595,0.8305325593962816,0.42535022729952154]]]},"b":{"inputs":[0.6108670881071727,0.7380103667378362,0.20212293497686917,0.35330094439082105],"outputs":[0.9101926737032826,0.01982105418919189],"hidden":[[0.07881348674096711,0.8970318231395438,0.49984753171955787]]},"l":[3]}