{"w":{"inputs":[[0.7160855091290368,0.498876856558752,0.5675099127022276,0.6986717400720732,0.4961075026373183],[0.974311408865032,0.14349065009374384,0.014524681915838888,0.8434652209227282,0.20519654691048372],[0.18820779631518159,0.9720346338419077,0.08199838217986288,0.3356343417877883,0.40824983787221525],[0.3248164908283879,0.12775817485008245,0.5458980492429617,0.07140819232091467,0.9251346173396506]],"outputs":[[0.5773050683427217,0.3832278602079351,0.1435809835830042,0.02486169752474665],[0.6068055257993974,0.7031304604936541,0.9095736524973401,0.38634143027377754]],"hidden":[[[0.9601620108806606,0.5717175275140991,0.42823586341677,0.10799381345918291,0.9991925301509461],[0.6523991716890993,0.6024597606455386,0.9395010477892674,0.46073456201730667,0.7789677099663912],[0.8662326224174204,0.2578212552243764,0.5530383789072464,0.31956172866960797,0.1386622348466211]]]},"b":{"inputs":[0.3738625583768891,0.9816754828535765,0.7304471903567993,0.9305599740485397],"outputs":[0.8707464887493992,0.07116433654885812],"hidden":[[0.10932072603816301,0.8112610660127642,0.4297962649914344]]},"l":[3]}