{"w":{"inputs":[[0.1297201693417398,0.3110016081231446,0.7689288602338991,0.34861363131470324,0.1310963048875775],[0.28349036655368365,0.7217222957405058,0.13721010875546735,0.08863399561454455,0.5195291721112618],[0.17504680767671332,0.3501501557458524,0.03242955852432172,0.28796632034402503,0.45038249370909145],[0.42845408068997526,0.2061609724016058,0.14507606966876652,0.6912554778542155,0.3641721374755942]],"outputs":[[0.2546063950618773,0.4401810831501085,0.9256927712458125,0.9145880272900846],[0.6735456575327385,0.935699598807628,0.30234120417289456,0.3624048237059607]],"hidden":[[[0.05100784076288334,0.1451451337169518,0.7793493513235976,0.560648166766125,0.5102006509596697],[0.7781722400664204,0.15359482536045332,0.8697069283799055,0.8149864869538468,0.3796316921467797],[0.7626461687913033,0.8867383622802989,0.044104151285261795,0.732330968154997,0.7384791302534326]]]},"b":{"inputs":[0.5214177387441192,0.975886975181985,0.7044287631197261,0.6731182957416812],"outputs":[0.7569880168907415,0.08878959223882243],"hidden":[[0.267162013681024,0.42331135136730547,0.38901947959327243]]},"l":[3]}