{"w":{"inputs":[[0.424254534361983,0.7269296076686487,0.9076145144569621,0.7566704433007712,0.6020487266735068],[0.8489886667611919,0.42692009375420703,0.1957066207435354,0.7245126934477117,0.9381817076891534],[0.6679515593125376,0.18270814877807617,0.027561605605657347,0.6135473576926345,0.2836252706030864],[0.5743335101463793,0.3715593685612968,0.4178785230254616,0.1341173158301474,0.4930066731770708]],"outputs":[[0.7962975342204577,0.3864782056335474,0.932866980224996,0.3839383484534502],[0.47963866874822036,0.21934322429504172,0.9028676936779967,0.9698455691929313]],"hidden":[[[0.0926389181427405,0.5014049522711792,0.27935387167380354,0.6914514328944241,0.19879981587552686],[0.9977226651166249,0.7545825145096554,0.022634295755431078,0.3672135867380777,0.6152564540939456],[0.2231899546368119,0.14754089026404982,0.5324593296641356,0.3527636477104903,0.05395760985265552]]]},"b":{"inputs":[0.04816103690272744,0.8382319215191838,0.4242032631960566,0.06839566238847539],"outputs":[0.7279651161896126,0.5869003690434458],"hidden":[[0.30013704946294983,0.3430143619385062,0.8696032336114465]]},"l":[3]}