{"w":{"inputs":[[0.5064414754422919,0.7366206993101694,0.21369302224528353,0.18165548852898494,0.4612701544861466],[0.5383909400617051,0.05352582279020601,0.8382858439059775,0.2299705097367215,0.25469412109706147],[0.4398838047152369,0.704613239055714,0.5034578115801509,0.48875907293341214,0.3953712701039911],[0.3850005655442261,0.35071625490451286,0.49747650439770275,0.7009705941519937,0.29942299218985613]],"outputs":[[0.2916276583553812,0.6721494889026913,0.48955582010398735,0.5220563738332551],[0.048595773367942297,0.2799285846169288,0.5204403747123696,0.21183979025906585]],"hidden":[[[0.8844315409683201,0.0648037040467746,0.9991474529510875,0.09467290121611671,0.09138703562644723],[0.20314394896300025,0.548142650870119,0.9459646255254364,0.6600820848607709,0.1595852905101669],[0.01745113954920874,0.5655567015967564,0.8320306201231928,0.664340300148639,0.3315618664917708]]]},"b":{"inputs":[0.5044902537958418,0.5900926231773513,0.3902147574477475,0.8600256381152667],"outputs":[0.2610091379650352,0.6526893796536488],"hidden":[[0.6845910598525637,0.33417145506258294,0.9391825734992796]]},"l":[3]}