{"w":{"inputs":[[0.4608320993563262,0.7171914467516447,0.31432176200342954,0.7455322831664244,0.10418179555634977],[0.5454721803280447,0.667995342918513,0.3741026201240245,0.9771460849908293,0.6926021488525809],[0.8860444952056303,0.7641393451552547,0.2651516347394658,0.9880815140551622,0.07101161505445752],[0.6234617152636355,0.24686510464247657,0.4889390610334008,0.7289051449406663,0.06550190987100302]],"outputs":[[0.9021882618834101,0.8387811049827083,0.7628108934055049,0.7682404121958248],[0.49224563848820013,0.7828684624466451,0.47882363866393685,0.8055058885590334]],"hidden":[[[0.535216952019782,0.7949766461768604,0.8330238413670796,0.1655964702081263,0.17716459287978759],[0.3500221473128329,0.3207305328715866,0.002519229724925909,0.06077654508176078,0.04999601954387445],[0.4708250580070159,0.4337569559258063,0.8181524143044332,0.8208625822911881,0.48362428774997834]]]},"b":{"inputs":[0.6966338714599727,0.9658984112461311,0.6590114341728819,0.758283948556608],"outputs":[0.9743353925526532,0.0792329250048418],"hidden":[[0.306906835705391,0.8692815762362343,0.09811248142197981]]},"l":[3]}