{"w":{"inputs":[[0.5138152939531537,0.8501196408066698,0.4058333544192645,0.14427853704028926,0.6617317078576432],[0.49069218029784967,0.7982036080058736,0.9718147926537841,0.12351965672502585,0.41253038747853865],[0.856791344484555,0.019051230694194565,0.055578277485356375,0.6030659160364782,0.6118267873789682],[0.8069866735600442,0.8707710932428692,0.48411066333079833,0.25010805196402086,0.07772114269870767]],"outputs":[[0.1543325882546991,0.8409272139597916,0.9449153820476239,0.3486692499614601],[0.18461529879373173,0.5561331492534825,0.42731738822637677,0.4489712296985553]],"hidden":[[[0.02780506254971704,0.7551975394643229,0.5184274624804024,0.9685605421285213,0.9165344817293708],[0.01956725741792842,0.3505968714496628,0.2464698327141177,0.1814350154811344,0.91282546916795],[0.2241057829179227,0.8599935410967299,0.6241253603162864,0.044229769407677866,0.25633821368861454]]]},"b":{"inputs":[0.23428197396152184,0.5047343973988938,0.999993256742876,0.7074541234842253],"outputs":[0.059159058119177876,0.675535349841681],"hidden":[[0.3773231856853325,0.9110810744047828,0.5603632138417605]]},"l":[3]}