{"weights":{"inputs":[[0.4367296547318659,0.49353319107180077,0.16450046246888583,0.5837296054453323,0.6828658231172722,null,null,null,null,null,null,null],[0.7929910204595754,0.7988629856642416,0.7829378534498158,0.44028003721241393,0.6693462478554566],[0.9892074300265595,0.4088011463198103,0.851048525009178,0.0516567988651717,0.5574744338464857,null],[0.4285186566124257,0.13897918587937128,0.7468479822816676,0.3830131988294954,0.5366515733787705]],"outputs":[[0.8952383005146504,0.33698416939574016,0.8174297013613292,0.9093248011896615],[0.8636096004125831,0.746466694715751,0.9750123157356972,0.10203985650991006]],"hidden":[[[0.19522679222743908,0.4889088275857024,0.03373542090690126,0.6772797088829905,0.06680424267614966],[0.842948963723812,0.2321957958481257,0.3338766290793656,0.6720795995194664,0.9032037313920515,null],[0.9152684950550911,0.3756762722951993,0.1842395653842174,0.3565822852495509,0.7547752914219861,null,null,null]]]},"bias":{"inputs":[0.33607557446574493,0.18501486381513227,0.8466922253578779,0.6063042232820298],"outputs":[0.45136112622839436,0.12763675799670804],"hidden":[[0.7010893794662525,0.2613807574322444,0.06651206313168347]]},"layouts":[3]}