{"weights":{"inputs":[[0.5614863081422401,0.5428854242013168,0.6288872149288223,0.45142337639410623,-0.6010685942479546],[0.007889629884680227,1.1858769880945097,0.932091755302517,0.7909396573515988,-0.24467766244901834],[0.1847914016320329,0.22408473489234138,0.6819398183711665,0.9934239167364833,0.28438451184277325,0.0267144000930859],[1.383299687566027,1.5017814401794987,0.9798383076417703,0.6060649433744887,-0.14155896388390832]],"outputs":[[0.3881244620241251,-0.016620239709087103,0.051681039163329334,0.3499216659979165,1.2987757231577013,null,null],[1.109014702841797,0.3521933741677339,0.15811553673271517,0.8049175168969573,0.2286658800318191,0.10987120961425978,0.09686519912628055,null],[0.8738972969697549,-0.632155491716603,-0.140568998264599,0.5918962654810456,0.5802469313480507]],"hidden":[]},"bias":{"inputs":[0.3684054786993973,0.18407963145609219,0.7652390395498014,-0.9980316459669836],"outputs":[1.4291342090733916,0.47728576212789653,0.4221209550505838],"hidden":[]},"layouts":[]}