{"weights":{"inputs":[[0.43644881974965133,0.49543969681524547,0.16313769434398293,0.5818267609550082,0.6824783703754936,null,null,null,null,null,null,null],[0.7921780329113773,0.7980695508346484,0.7823197223476094,0.4398693141787403,0.6699033472042668],[0.9902723134992136,0.4077481185226578,0.8495852110882065,0.05081117128773511,0.5576131686942485],[0.4302109506928552,0.13951370890760928,0.7466679146278664,0.3841716314088106,0.5347558882218602]],"outputs":[[0.8944376388406418,0.336951432897609,0.8185379912830858,0.9122834586448028],[0.861458237307515,0.7454900729560658,0.9772129269110318,0.10448358914594157,null]],"hidden":[[[0.19369430234819374,0.49061666544169324,0.03428109220995634,0.6767908706260608,0.06852975472139337,null],[0.8414763198533222,0.2335267321940459,0.3327158425690777,0.6726556205533195,0.9027444416078486,null,null],[0.914342904082409,0.37585387836819684,0.182591442591161,0.35374759680169104,0.7549074229366007]]]},"bias":{"inputs":[0.337350406116124,0.1842006849093765,0.845808125530108,0.34178159087343807],"outputs":[0.4506639855069091,0.12710377235821899],"hidden":[[0.5988104206682889,0.26235724248021497,0.06532219910261139]]},"layouts":[3]}