{"weights":{"inputs":[[0.43550889951156724,0.49565709272466796,0.16591137474933193,0.5842872864024103,0.6831803537743424,null,null,null],[0.7927202576396932,0.7970674180061393,0.7809865910586364,0.4386546049691365,0.6678482214000694],[0.989940855028771,0.4069984683687835,0.8470199144823055,0.0495800648730268,0.5586009857548003],[0.4284862015748713,0.1400413604362171,0.747202143420832,0.38355578473346846,0.5357150292097693]],"outputs":[[0.89612664854049,0.33688369001695845,0.8166979328587826,0.9090350442985025],[0.8649965221003934,0.7477119983973122,0.9769687682279218,0.10170317222439983]],"hidden":[[[0.1953359069150289,0.4894192974239134,0.03403279655276611,0.6744971620755422,0.07003163549807397],[0.8417763718203422,0.23382570317097134,0.33456047801769523,0.6733564232339017,0.9027885220742611],[0.9166661167319572,0.374561192967049,0.1816404663981492,0.35279932314993406,0.7534531485636592]]]},"bias":{"inputs":[0.33620623085071266,0.18318119978229483,0.8453911683786575,0.6067434239679844],"outputs":[0.45302973254253986,0.12784474094789386],"hidden":[[0.7004640379361501,0.2588876727660863,0.06666531896435253]]},"layouts":[3]}