{"weights":{"inputs":[[0.914894742852829,0.11214665907445094,0.05943225234917983,0.5416023139990991,0.06206062158506169,null],[0.8915811396798113,0.4980416893083764,0.7770702226003707,0.07149438975648179,0.570282446014818],[0.9020810446405739,0.12332855544560256,0.8101870673585228,0.8998336157243724,0.5421321879701472],[0.1481077892232991,0.28489322330652667,0.5758638335983433,0.9456365814186948,0.5790306133455302]],"outputs":[[0.9031011864202539,0.5144817626053946,0.930268906755489,0.4680763673109806,null],[0.2580926223783944,0.879265400398885,0.06091403299811725,0.3675917873590985,null,null]],"hidden":[[[0.2150047423338142,0.6868950766440728,0.34372979297276157,0.5732018893876669,0.12966244342303418],[0.7018315867014003,0.21649450754035127,0.348505208162181,0.9724694058796953,0.6865292803985377,null],[0.20535821467115867,0.8916427012788782,0.1575747131267303,0.5001136140976188,0.5173994774827161,null,null,null]]]},"bias":{"inputs":[0.8641075440493653,0.014736441204037685,0.18221325166755692,0.2612159834241606],"outputs":[0.36029067472393195,0.554200905243977],"hidden":[[0.21938709579700125,0.19993941428801515,0.8468905355467315]]},"layouts":[3]}