{"weights":{"inputs":[[0.5614863081422401,0.7857953711270258,1.1870431248119928,0.2124367149070796,-0.11608646020598656],[0.05182197428859814,1.111760200958436,0.40677274426352716,-0.1307058171741282,0.3275557925878634,null],[0.08450125674825171,-0.0021206030245586316,1.1482124300304966,0.7682761356425438,0.45487771571555724,null],[1.375685809708564,0.6345979634493986,1.4324926702389087,0.6043841516153556,-0.14155896388390832]],"outputs":[[0.6456808890043917,0.25462056592634097,0.10122313681413342,0.5956325000423737,0.9899084902334663],[1.2940763482882705,-0.3278819390164356,0.9087511458186848,0.2508449207055967,0.7995939476915057,null,0.356456562149706],[0.7376045668518529,0.22570802123230993,-0.2985148901410817,0.08717477226013037,0.04325034692954399,null,null]],"hidden":[]},"bias":{"inputs":[0.25490593500392,0.29387159022882026,0.863290911012599,-1.152237482228985],"outputs":[1.1990759529162485,0.47728576212789653,0.4198353530147312],"hidden":[]},"layouts":[]}