{"weights":{"inputs":[[0.4346486605284009,0.49439780396188165,0.1665487116639404,0.5832968047493208,0.6861342369053088],[0.7936052478513805,0.7966111913056811,0.7817265662661481,0.4390509169711737,0.6682418077806388],[0.9935828023214514,0.4064841763798413,0.8492643242708032,0.04935141151680828,0.556571592858625,null],[0.4305553832065029,0.1388499814653776,0.747532364906672,0.3818196407228361,0.5366398258964563,null]],"outputs":[[0.8944733028842807,0.33563101077937807,0.8136045553418051,0.9111268198224919,null],[0.8601524775502152,0.7476108243226306,0.9745490693917639,0.10587870155251358]],"hidden":[[[0.19420936758739724,0.49069068684863043,0.034904757270130884,0.672985297929698,0.06944690720284168],[0.8410793618351063,0.23250533196130513,0.3333520736703111,0.6719283773994499,0.9033116582876871],[0.9155331903189351,0.37720075735353376,0.18207107346957122,0.352768308456643,0.7518543520467037]]]},"bias":{"inputs":[0.3393445358500073,0.1838897114613248,0.8459059326389142,0.6053653459329884],"outputs":[0.45179824114399364,0.12764762873219068],"hidden":[[0.701409696140573,0.26065646054987973,0.06663823642468775]]},"layouts":[3]}