{"weights":{"inputs":[[0.4373346804873412,0.4945605650875387,0.16573756886965282,0.5828052365371429,0.6826372162540865],[0.7917159426343569,0.7981358663998602,0.7819902615127801,0.4403755929536544,0.6680258474862796],[0.9897919238010182,0.40737479242711655,0.8490937346708636,0.05070223969272085,0.556613236496959,null],[0.4282513779895294,0.13882066214675734,0.7472772993265789,0.38285518244408084,0.5367078108817496]],"outputs":[[0.8944791257185326,0.3378410244010385,0.8166061036824851,0.9094476284608817],[0.8643748267152791,0.7475841814469557,0.975965315839348,0.10208100797039053,null]],"hidden":[[[0.1939635241462054,0.4885607097009475,0.03534574578901611,0.6753788068659758,0.06933341013746384],[0.8438129698682654,0.2321957958481257,0.3338766290793656,0.6721909241234888,0.9032037313920515],[0.917221952468054,0.3752719890934625,0.18249778377172984,0.35277991164387784,0.7549074229366007]]]},"bias":{"inputs":[0.3365614026063861,0.18302740116342375,0.8453911683786575,0.6061720963936034],"outputs":[0.45187048756285086,0.1267709277746886],"hidden":[[0.701159820367068,0.25978118828824925,0.06638215055995465]]},"layouts":[3]}