{"weights":{"inputs":[[0.9128256682718279,0.11051615949886234,0.060901966589361624,0.5411663949454806,0.0642351568950714],[0.8911311365355349,0.49904224240016937,0.7763725726359758,0.07086905622658536,0.5702344723132518,null,null],[0.9011207939597143,0.1238758050089949,0.8100273073675225,0.8996824806598233,0.5415571127438868,null],[0.14791748122133183,0.28384433509007245,0.5737170419596708,0.945469315996734,0.5778410992225873]],"outputs":[[0.902657327665483,0.5146251695815345,0.9312784613499008,0.46738376247686936,0.001142265838865243,-0.000047523341486761515],[0.2570122404850757,0.8805827006631415,0.05851124409814448,0.36563423901288683,0.5559650358045187,null]],"hidden":[]},"bias":{"inputs":[0.8632672420234038,0.015509014456083483,0.1817363821756099,0.26121083316551474],"outputs":[0.35975417559615974,0.554941258011424],"hidden":[]},"layouts":[]}