{"weights":{"inputs":[[0.7087745708736788,0.35198965087950884,0.5050885608232567,0.5313628947483606,0.5895464994809219],[0.10389349933601033,0.08621678229521246,0.8035190595159389,0.5029646183997869,0.619623359056996],[0.4075486110084625,0.6267016313391518,-0.1033881322426875,0.1444707657877884,0.9875411986437235],[0.6717397996670889,0.5369890235347603,0.3655869317537972,0.2860941044103922,0.8169534424606235,null,null]],"outputs":[[0.2027288535141114,0.22495320193631385,0.8993742361496302,0.19900180521087063,0.923933199685125],[0.3196217821498355,0.5681953762800569,0.41445139089951333,0.6664599777817222,0.43716582524344516],[0.4371339485317738,0.8056072162537686,0.11885551062602162,0.1538578831216686,0.19530837807881962]],"hidden":[]},"bias":{"inputs":[0.47440803824330224,0.6675983170881203,0.33067887397870965,0.4423530288472486],"outputs":[0.9243842667409747,0.3092163798050578,-0.025134022121432675],"hidden":[]},"layouts":[]}