{"weights":{"inputs":[[1.0087149721693363,-0.25505519750122296,0.3697906162348006,1.7508453767380172,-0.4899888629367579],[1.2981088928411828,-0.030250839834606413,1.221865852930074,0.48927822353899364,0.6099401452387296],[-0.1311048445764662,0.7215807953853117,1.1997768894054937,0.7151348369098822,1.0279934364701508],[1.2155225000375884,0.41864457334130023,0.5427506890005405,0.5397849437078783,0.4935715995361629]],"outputs":[[0.631529630101533,1.0121697658403512,0.12219034595161204,0.08338202177063625,0.6220079057136001,null],[0.48248825088817116,-0.47636747087799347,0.6777597339242432,1.6009243606809862,0.315799448847492]],"hidden":[]},"bias":{"inputs":[0.9164244154017394,0.16502230102522586,0.6329034242784011,0.9370231751944647],"outputs":[1.5435096009687426,0.13971493705467908],"hidden":[]},"layouts":[]}