{"weights":{"inputs":[[0.46845812077639604,0.3107329175135416,1.1757076383883747,0.2124367149070796,-0.22350486467075248],[-0.3522729273444709,0.7664219032259096,0.8847701993294781,0.24427270871373574,0.13300044369347486],[0.15592609324549533,-0.0021206030245586316,1.1482124300304966,0.7697311893505034,0.33180239498270603,null],[0.9853607281380832,1.0090533456254167,1.3447154806133932,0.6043841516153556,-0.14155896388390832,null,null,null]],"outputs":[[0.6456808890043917,-0.09937830336818432,0.1408194844405175,0.5956325000423737,0.9591425864536829,null],[0.8002441897423849,0.2269255334319884,0.557240298615558,0.6971272675064746,0.7995939476915057,0.0062758912615159534,-0.47932801960141225],[0.8738972969697549,-0.04330885655579997,-0.14760374455202996,0.40595925935918564,0.5039952307047546,null,null]],"hidden":[]},"bias":{"inputs":[0.25490593500392,0.5378887001391577,1.1986794092202584,-1.152237482228985],"outputs":[0.6997410900413714,0.47728576212789653,0.24336901120135623],"hidden":[]},"layouts":[]}