{"weights":{"inputs":[[0.7819172682734097,0.5187596553703728,0.5924348346580204,1.0906463270906794,-0.33266723470056747,null],[0.19276748633867435,0.19450871380259427,0.28968045734392556,-0.22027769295888433,-0.27747050102822013],[0.34714014377509717,0.3151268696954692,0.5221078056993815,0.48342132041623054,0.010743476036176647],[0.6037180727263254,0.7975091775974974,-0.34924233634674495,0.2941789707232534,0.3911749095089132]],"outputs":[[0.7620675060102018,-0.19924323837228863,0.42768312729129776,0.4971406874852349,1.5619086525657426],[0.34482416374722,0.7753210460209852,1.0461727204362417,0.4155527395225642,0.4250570920297043,null,null],[0.4117100717729054,-0.109664445844605,-0.17954335131077048,0.2758829458910086,1.070985544491384,null]],"hidden":[]},"bias":{"inputs":[0.26093605540889486,0.23244314528883026,0.18226318436752953,0.5339216981694275],"outputs":[0.5092504411720913,1.1963255776309893,0.17081977783584956],"hidden":[]},"layouts":[]}