{"weights":{"inputs":[[0.5614863081422401,0.5428854242013168,1.1757076383883747,0.2124367149070796,-0.10374957911695049,null],[0.05182197428859814,0.7664219032259096,0.8847701993294781,0.24427270871373574,0.4858880821116549],[0.15592609324549533,-0.48322289887719894,1.1482124300304966,0.8498607958602704,0.33180239498270603,null],[0.9853607281380832,1.0720634841951266,1.1388776924071224,0.5991271356728232,-0.14155896388390832]],"outputs":[[0.6456808890043917,0.20863031079345973,-0.1416325569634893,0.4303078479403788,0.9899084902334663],[1.109014702841797,-0.11662088565083817,0.557240298615558,0.5592238056802477,0.9078994838487737,0.4344744492331958,null,null],[0.3830258776880615,0.24375814702622312,-0.6560804382320968,0.40595925935918564,0.04702119682567352,null]],"hidden":[]},"bias":{"inputs":[0.578074927217229,0.29387159022882026,1.1986794092202584,-1.2177278180083864],"outputs":[0.6302039809657964,0.47728576212789653,0.24336901120135623],"hidden":[]},"layouts":[]}