{"weights":{"inputs":[[0.43506016959865834,0.4942322802410627,0.1659484235777084,0.583762288422081,0.6840519197689651,null,null,null],[0.7930803524375792,0.7953854528453049,0.7785867696177708,0.43827804947285864,0.6664761893169918,null],[0.9912676036321921,0.40646631090316454,0.8485946865962206,0.050189522048343954,0.5567703624320504],[0.43009143345706585,0.13812434923719874,0.7465822978850706,0.38339500732114573,0.5368184217590025,null,null]],"outputs":[[0.8951885938598012,0.33748094171390136,0.8155558819786116,0.90865604322754,null,null],[0.8620135157903049,0.7464554069877004,0.9758503813307678,0.1035779869784937,null]],"hidden":[[[0.19420936758739724,0.4896516046964418,0.0338645759797159,0.6734541585227249,0.06912770691947709],[0.8407720658514188,0.23384141085368262,0.3331046470425979,0.672402762662936,0.9033116582876871,null],[0.9165825797882451,0.37332079701453147,0.18327716702567107,0.35260926876818466,0.7522135731747411]]]},"bias":{"inputs":[0.33693550140128387,0.1853354469620433,0.84501755918483,0.60533064696449],"outputs":[0.4493224035831474,0.12731828779234952],"hidden":[[0.7003601636433767,0.25912643504916605,0.06704361683867341]]},"layouts":[3]}