{"weights":{"inputs":[[0.43628369702427733,0.4947386866159714,0.1655693171108479,0.5834759473455431,0.6840519197689651],[0.7933506627239296,0.7952844250026714,0.7797046965714791,0.43827804947285864,0.6674115653435858,null],[0.9906661215488067,0.40624766113400623,0.8484576321749167,0.04949102789057786,0.5558578620152063],[0.4310357170202503,0.13812434923719874,0.7471089590627221,0.38339500732114573,0.536144766969217]],"outputs":[[0.8952913041416701,0.33749430781921025,0.8155420134990923,0.9094500246592078],[0.8625182954694051,0.74636594122603,0.9748232775350119,0.10436387949097214]],"hidden":[[[0.19500860519864677,0.49062046555347,0.03403279655276611,0.6735830920186445,0.06968288079410846,null],[0.8410349017842178,0.23340538077422343,0.3333473056071786,0.6727173387080493,0.9019632506879022],[0.9168607197977205,0.3741834878775862,0.1819636724060128,0.35205217923646864,0.7522308873595117]]]},"bias":{"inputs":[0.33719131463729646,0.18424197039650922,0.8453911683786575,0.6066218554431144],"outputs":[0.45001169437709204,0.12817677089837765],"hidden":[[0.7012348215151653,0.25982508795804826,0.06666531896435253]]},"layouts":[3]}