{"weights":{"inputs":[[0.43617963227845113,0.4950473244875996,0.16552527287387037,0.5825404663358532,0.6828658231172722,null,null],[0.7921780329113773,0.7990135299677783,0.781916854653018,0.439968031107078,0.6690407743491313,null],[0.9902723134992136,0.4078295690620632,0.8487121219253756,0.05081117128773511,0.5580960646726603],[0.42951208767110366,0.13889723061570652,0.7459565633415713,0.38405915611170144,0.5356773957972513]],"outputs":[[0.8945888278706468,0.33698416939574016,0.8174313908603242,0.9107682563124474],[0.8645832410939487,0.7465694780642834,0.9758953857539956,0.10283902309685596]],"hidden":[[[0.19477802307327866,0.4903700948975048,0.034400900158240016,0.6781282161265205,0.06747170759178411,null],[0.84235251300836,0.23323139640692392,0.3324795004597831,0.6741509281477919,0.9034541562315863],[0.9148515127427179,0.3757720666247962,0.182591442591161,0.35280428800984215,0.7549074229366007]]]},"bias":{"inputs":[0.3384477977892705,0.1842006849093765,0.8453911683786575,0.6060218614743869],"outputs":[0.4510673628213056,0.1269996830005608],"hidden":[[0.701167766721289,0.26067327317611644,0.06506536210369349]]},"layouts":[3]}