{"weights":{"inputs":[[0.43715708374585205,0.49384669800384895,0.16562570498679294,0.5841601793024334,0.6826372162540865],[0.7928095554603737,0.7975751858074306,0.7819902615127801,0.44095828060572995,0.6676274211462936,null],[0.9906661215488067,0.4067709331437612,0.848234736845173,0.04922904198208159,0.5568300531289554],[0.42891740324089656,0.13916032442612597,0.747202143420832,0.38355578473346846,0.5366460302321466,null]],"outputs":[[0.8930811132702194,0.33690109072868146,0.8176829325863662,0.9098413216042068,null],[0.8635071737944683,0.746466694715751,0.9749459170291087,0.10203985650991006,null]],"hidden":[[[0.1951351873559393,0.48954948518629077,0.036215121102287036,0.6760630298460177,0.06725535937231099],[0.8432637463424638,0.23289129289957958,0.33293034773349933,0.6718027820437162,0.9032037313920515],[0.9184334750820732,0.3736561053912001,0.1820243925405002,0.3523455692376895,0.752358626447426]]]},"bias":{"inputs":[0.3365614026063861,0.18345682701400629,0.8466164182113886,0.6080587709113705],"outputs":[0.45187048756285086,0.1267709277746886],"hidden":[[0.7013795471462604,0.25941644940078573,0.06509253428654903]]},"layouts":[3]}