{"weights":{"inputs":[[0.43512287349175044,0.49364415339018497,0.1662901179958782,0.5808899762547356,0.6816889472513058,null,null,null,null,null],[0.7936582931551365,0.7975751858074306,0.7819902615127801,0.44060720827727407,0.6677367988894002],[0.9897877240349066,0.40691271182112,0.8476428675337898,0.04974222029130959,0.5576931909781544],[0.42891740324089656,0.1392844438884772,0.747202143420832,0.38355578473346846,0.5357150292097693,null,null,null,null,null,null,null,null]],"outputs":[[0.89612664854049,0.3373734614094736,0.8162767313715981,0.9090350442985025],[0.8643748267152791,0.7474583414363254,0.9772406998726076,0.10208100797039053,null]],"hidden":[[[0.1953359069150289,0.4894192974239134,0.03403279655276611,0.6744971620755422,0.06968288079410846],[0.8408997376105241,0.23310921139212196,0.33429154729622906,0.6733564232339017,0.9027885220742611],[0.9168607197977205,0.374561192967049,0.1820243925405002,0.3523455692376895,0.7527297275086177]]]},"bias":{"inputs":[0.33620623085071266,0.18369069424947915,0.8455836108211893,0.6067434239679844],"outputs":[0.450357260696944,0.1267709277746886],"hidden":[[0.7006002579928479,0.2598076016364961,0.06568333089922247]]},"layouts":[3]}