{"weights":{"inputs":[[0.5335546686732253,0.5337570357454691,1.1757076383883747,-0.5518451747598647,-0.22350486467075248],[0.05182197428859814,0.963432289727634,0.8847701993294781,0.24427270871373574,0.8612563188483018,null,null,null],[0.15592609324549533,-0.3843761796283569,1.1553108293128826,0.27083152988985004,0.33180239498270603,null,null,null,null],[0.810658475618212,0.6964161143832452,1.1388776924071224,0.45900774662276245,-0.14155896388390832]],"outputs":[[0.024890486326784034,0.30222103362478636,0.4325420776160329,1.1491000804655054,0.9899084902334663,null,null,null,null],[0.8002441897423849,-0.13151365608055388,0.9798170128026953,0.5592238056802477,0.7995939476915057,null,null,null],[0.3862783342508094,-0.08242091049288325,-0.11988536490147594,-0.07587044306476964,-0.40704900670773814]],"hidden":[]},"bias":{"inputs":[-0.4759389121540094,0.6276133505471491,0.7885032397951555,-0.8628824215727517],"outputs":[0.31429013418777263,0.46087330301142604,-0.14838301984949775],"hidden":[]},"layouts":[]}