{"weights":{"inputs":[[0.43617963227845113,0.4945175320860939,0.16450046246888583,0.5828330307829364,0.6828658231172722,null],[0.792264750663683,0.7988629856642416,0.7820267496192016,0.44028003721241393,0.6693462478554566,null],[0.9899878993219882,0.4088011463198103,0.8506208502211646,0.0516567988651717,0.5572174217334855],[0.4311156504875964,0.1393155005760983,0.7450427451111552,0.38455401510698584,0.5340050746503396,null,null,null]],"outputs":[[0.8945888278706468,0.3366227770845996,0.8177804928727338,0.9123888373264927,null],[0.8627576325226547,0.746466694715751,0.9750123157356972,0.10203985650991006]],"hidden":[[[0.19512803615362279,0.4897825580554285,0.03373542090690126,0.6772797088829905,0.0677100836394708],[0.8420265449644374,0.2331619359201454,0.3340477036602227,0.6718337515969652,0.9027444416078486,null],[0.9154242504888349,0.3756762722951993,0.1842395653842174,0.3565822852495509,0.7547752914219861]]]},"bias":{"inputs":[0.3367651558777823,0.1842006849093765,0.8453911683786575,0.6060218614743869],"outputs":[0.4508523235823216,0.1259219357080789],"hidden":[[0.7009175025625473,0.2605594169406502,0.06651206313168347]]},"layouts":[3]}