{"weights":{"inputs":[[0.43508686996746293,0.49364415339018497,0.1662901179958782,0.5808899762547356,0.6816889472513058],[0.7936582931551365,0.7969574428797822,0.7819902615127801,0.44060720827727407,0.6676793585941322],[0.9911778696524125,0.4064282098689578,0.848234736845173,0.04999076903324782,0.5569840470612225,null],[0.42891740324089656,0.1392844438884772,0.747202143420832,0.3833170539307895,0.5357150292097693,null]],"outputs":[[0.8956497310772792,0.33717833999533237,0.8156005300600743,0.9090350442985025,null],[0.8619948091742186,0.7460220619711718,0.974363835784153,0.10334997636604042,null]],"hidden":[[[0.19590321186201606,0.4894192974239134,0.03308953515774337,0.6746861529589395,0.07040848873643987],[0.8413930222980293,0.23310921139212196,0.3340477036602227,0.6730450490320493,0.9028013257950254,null],[0.9168607197977205,0.374561192967049,0.18239098944700466,0.3514729834100785,0.7527297275086177,null]]]},"bias":{"inputs":[0.3374100009482153,0.18335903034068138,0.8444753103608053,0.6065119417764887],"outputs":[0.450357260696944,0.12784009496756854],"hidden":[[0.7011989348698149,0.2598076016364961,0.06568333089922247]]},"layouts":[3]}