{
    "w": {
        "inputs": [
            [
                0.562702965086257,
                0.2649790560734553,
                0.6163965344662192,
                0.20078866429139852,
                0.0814651849802337
            ],
            [
                0.8370932521477334,
                0.8165025597995053,
                0.3818506755419999,
                0.9217226408365267,
                0.9890830194600477
            ],
            [
                0.47024720025406674,
                0.6693621555808937,
                0.6736161163817711,
                0.10030974747272814,
                0.007950361114106519
            ],
            [
                0.772067466791378,
                0.7380161969033991,
                0.543584095951783,
                0.7720239214764564,
                0.40852486446798375
            ]
        ],
        "outputs": [
            [
                0.7938501814317502,
                0.5841253562598729,
                0.37667758118539507,
                0.9289197479164817
            ],
            [
                0.7444616873868268,
                0.7212505441105523,
                0.9856141797844507,
                0.765721262568035
            ]
        ],
        "hidden": [
            [
                [
                    0.9194309078882739,
                    0.44360025509207723,
                    0.754214498966761,
                    0.30413186673688775,
                    0.04952877563780378
                ],
                [
                    0.17771482017062956,
                    0.22837606430653645,
                    0.8182055636590526,
                    0.7176514086011612,
                    0.002455364687802275
                ],
                [
                    0.9885117545028728,
                    0.8927180443773386,
                    0.6117364754194561,
                    0.7241294388604693,
                    0.8194216737805544
                ]
            ]
        ]
    },
    "b": {
        "inputs": [
            0.7410637068311272,
            0.7363891923917116,
            0.1262813799117426,
            0.6137538291806413
        ],
        "outputs": [
            0.5707739789925537,
            0.952799367875339
        ],
        "hidden": [
            [
                0.8411965608484451,
                0.23625069350817607,
                0.3818718082413637
            ]
        ]
    },
    "l": [
        3
    ]
}
