{"weights":{"inputs":[[0.39030864780481656,0.6607039247756088,0.8380184469420193,0.004426586299577151,0.8131237935771836],[-0.09572957486387135,0.7037693222184387,1.4520706253476567,0.44111557227902587,0.3127895750188918,null,null,null,null,null,null,null,null],[0.4353776425943494,0.09008240658909084,0.4559092760001635,-0.14755347511674,0.8322535495818515,null],[0.5888841943532115,0.39375169492997575,1.2542613007493817,0.17785045974390856,0.9022176195063565,null,null]],"outputs":[[0.42092471817116994,0.07247425319894174,0.23335827861058633,-0.30346394789978404,0.10382425680108343,null,null],[0.48106605600991714,1.0442084151584994,0.60952728483547,0.4932575617250117,0.7310000291650467],[0.521455016277601,0.2474103550825708,1.2008387467157293,0.2538226770233529,0.208029239313559]],"hidden":[]},"bias":{"inputs":[0.3099560602170073,0.5118806176832289,0.8050336594880503,0.6125633479864592],"outputs":[0.05986854485187765,0.1693700413485102,0.727759155579484],"hidden":[]},"layouts":[]}