{"weights":{"inputs":[[0.9144650932413138,0.11085657007989937,0.06059829961955309,0.5407829738990939,0.06537285409187696],[0.8910345292825432,0.4999537108694343,0.775723982959254,0.07071969813352516,0.5707145859463546],[0.9036053620134669,0.12353156795527157,0.811821964360575,0.8997362285743554,0.5407919726525604],[0.14808771658528422,0.2847633237259829,0.5750618003597824,0.946518064659511,0.5797457581569206,null,null,null]],"outputs":[[0.9034454588276178,0.5144143281438889,0.9300750038529871,0.46717222432485367,null],[0.2568589434344008,0.8795194942414446,0.05922435764743045,0.36644036323627716,null]],"hidden":[[[0.2147268509194094,0.687214951747752,0.34423208528945326,0.5743389350589652,0.12966244342303418,null,null],[0.6998935749280202,0.21642742865809786,0.3484969441754333,0.972502463115348,0.6864495100140747],[0.20641467690484047,0.8917466846490979,0.15785396787040262,0.49991111408575356,0.5164050068403933]]]},"bias":{"inputs":[0.865288857194105,0.014562801495766149,0.18229138887149227,0.26007987088575957],"outputs":[0.3603601340148595,0.5552703788993264],"hidden":[[0.21848786581670765,0.20176648682849344,0.8479783703733685]]},"layouts":[3]}