{"weights":{"inputs":[[0.3247994923001838,0.7857953711270258,1.1757076383883747,0.2124367149070796,-0.03942067948622152],[0.05182197428859814,1.2002207145977217,0.8847701993294781,0.24427270871373574,0.46567464253456925,null],[0.6287221626647852,0.18335326543874464,1.045210563850295,0.2687860569777576,0.26946396682717144,null,null,null,null],[0.9853607281380832,0.43866683577871224,1.1938294384073322,1.0206227356431963,-0.14155896388390832]],"outputs":[[0.6106855424040283,0.5682323095732968,-0.10995555352205733,0.9115863827280193,1.0059372117903647,null],[0.8002441897423849,-0.13151365608055388,0.5363102672748226,0.9673007378396912,0.4998301130001792,-0.043707832761612275,-0.1699792865011669],[0.3830258776880615,0.5449626821137303,0.17042210073242492,0.02573971027252453,0.04325034692954399]],"hidden":[]},"bias":{"inputs":[0.3269723598504881,0.21827506136539898,1.1517881822601421,-2.0142765878363496],"outputs":[0.3252548598435394,0.47728576212789653,0.4377441057306706],"hidden":[]},"layouts":[]}