{"weights":{"inputs":[[0.43615207096610503,0.49487127708375556,0.16460616552104723,0.5816382399538548,0.6822145663266215,null,null],[0.7921780329113773,0.7990135299677783,0.7822858870233412,0.439968031107078,0.6696732928131899,null,null],[0.9899878993219882,0.4088011463198103,0.8506208502211646,0.05190419492403889,0.5572174217334855,null,null,null],[0.42951208767110366,0.13889723061570652,0.7459565633415713,0.3843274621267981,0.5356773957972513,null,null,null]],"outputs":[[0.8945888278706468,0.3366227770845996,0.8174663367734261,0.912129994162314,null,null],[0.8645832410939487,0.7465694780642834,0.9762904099121953,0.10283902309685596,null,null,null,null]],"hidden":[[[0.19421849754120576,0.49002473080196396,0.034348777495315105,0.6761328329125063,0.06911760162422512],[0.8414763198533222,0.23323139640692392,0.331931320762964,0.6741509281477919,0.9034541562315863],[0.9151275578369625,0.37612945388395796,0.182591442591161,0.35280428800984215,0.7549074229366007,null]]]},"bias":{"inputs":[0.3368257341212241,0.1842006849093765,0.35657340541531196,0.6060218614743869],"outputs":[0.4508523235823216,0.12687049113652807],"hidden":[[0.701167766721289,0.26113733746977735,0.06565888156647429]]},"layouts":[3]}