{"weights":{"inputs":[[0.9143347350105929,0.11051615949886234,0.060581108389901085,0.5411663949454806,0.06409294657307939],[0.8910345292825432,0.49904224240016937,0.7762111934561998,0.07134314187216262,0.5700278709479591],[0.9020810446405739,0.1238758050089949,0.8100273073675225,0.8998336157243724,0.5418688131491842],[0.1485708496083757,0.2844061215044707,0.5737170419596708,0.9457442875330753,0.5785831676042757]],"outputs":[[0.9031000698330124,0.5146251695815345,0.930268906755489,0.46727647856301535,null,null],[0.25791656414996655,0.8799925446185868,0.05851124409814448,0.36563423901288683]],"hidden":[[[0.21461681520005338,0.6870205642981448,0.34446926848123915,0.573988189175481,0.12932334629052003],[0.7018627549110248,0.21649450754035127,0.3482937512428773,0.9715262566938804,0.6858448513190617],[0.2066462740468369,0.892339784491344,0.15737295873642887,0.49991111408575356,0.5165683977272146]]]},"bias":{"inputs":[0.8632672420234038,0.015509014456083483,0.18192193746751315,0.26121083316551474],"outputs":[0.35975417559615974,0.554941258011424],"hidden":[[0.21840884501937313,0.19993941428801515,0.8474704930146668]]},"layouts":[3]}