{"weights":{"inputs":[[0.4365137426324282,0.4959895891720905,0.16549021485568766,0.582788326582779,0.6830199900426596],[0.7935695354736018,0.7980987679796134,0.7809483910963927,0.4386546049691365,0.6678482214000694,null,null],[0.9917727312066221,0.405686520356567,0.8471613600507049,0.05201024969882979,0.5551568756214683],[0.43112277785982156,0.1386458946789422,0.7468162955650295,0.38265848588937884,0.536144766969217]],"outputs":[[0.8948024042787698,0.33748094171390136,0.8159434996391859,0.9090162275695072,null],[0.8643748267152791,0.7471575605798231,0.9771562178237917,0.10211141520944413,null]],"hidden":[[[0.19404792101914956,0.4885828154311352,0.03407957068635065,0.6735830920186445,0.0696987543998445,null],[0.8412232531685312,0.23340538077422343,0.3333473056071786,0.6715380445267511,0.9033116582876871,null],[0.9165825797882451,0.3742697848173254,0.18327716702567107,0.35205217923646864,0.7522135731747411,null,null]]]},"bias":{"inputs":[0.3370162306022802,0.18482972738573314,0.84501755918483,0.6062929446533755],"outputs":[0.4515957184697223,0.12731828779234952],"hidden":[[0.6997834048619913,0.2594830854734237,0.06628199109555129]]},"layouts":[3]}