{"weights":{"inputs":[[0.43535403742679224,0.4947386866159714,0.1655693171108479,0.5834989066240801,0.6831803537743424,null,null],[0.7933793718790894,0.7966301182282356,0.7827620108044316,0.44060720827727407,0.6674164493061298],[0.9906618868616862,0.40624766113400623,0.8467897772974622,0.050251951918296796,0.5558578620152063,null,null],[0.4299265419045754,0.13909098165782957,0.7462183964371815,0.38339500732114573,0.536144766969217]],"outputs":[[0.8948390248826836,0.3380606609001717,0.815972759630942,0.9099489037514215,null,null,null],[0.8643748267152791,0.7474583414363254,0.9767847208563409,0.10208100797039053]],"hidden":[[[0.1953359069150289,0.4894192974239134,0.03372831902670216,0.6744971620755422,0.06932774087057972,null],[0.8413826521120584,0.23310921139212196,0.33429154729622906,0.6737483385180977,0.9027885220742611,null],[0.9168607197977205,0.37517647520533093,0.18106994065359658,0.3527592391712919,0.7528024952589447,null]]]},"bias":{"inputs":[0.3368710665911009,0.18300405976023212,0.8455836108211893,0.6067434239679844],"outputs":[0.450357260696944,0.12635678442826012],"hidden":[[0.7006002579928479,0.2598076016364961,0.06666531896435253]]},"layouts":[3]}