{"weights":{"inputs":[[0.4947638111759538,0.70479238397517,0.850462667889492,1.0973423056104523,-0.33266723470056747],[-0.02260131298651369,0.19450871380259427,0.28968045734392556,-0.22027769295888433,-0.1442382671590876,null],[0.5853858414411566,0.44835789485351607,0.292563093811532,0.7036022802552757,0.25032779792484017,null],[0.9693950420062241,0.5100549521579598,-0.7679358754211156,0.8469956266562273,0.334594112330586]],"outputs":[[0.7620675060102018,-0.19924323837228863,0.3070683261152478,0.5753072684477316,1.1659266219754107,null,null],[0.6121986362257839,0.7753210460209852,0.7497475823972262,0.4155527395225642,0.4250570920297043],[0.594280323140916,0.24745845792104948,0.10096667409722482,0.578604494173804,1.070985544491384]],"hidden":[]},"bias":{"inputs":[0.6454843978950087,0.1001370301723612,0.6516257392913409,0.4078210882217952],"outputs":[0.8209075652126658,0.9020467559926797,0.12164227499344182],"hidden":[]},"layouts":[]}