{"weights":{"inputs":[[0.6199682500647836,0.15735340620336613,0.9245717307407002,0.7415807447131038,0.8162925066715503,null,null],[0.4778464117300798,1.066636453501326,-0.6050855041416268,0.17897381804946422,0.2077262487024476],[-0.015242699896518275,0.46847093067212686,0.30513313580220514,-0.14111366790135027,0.7842760267135467],[0.5472680980666296,0.7404924640381136,1.1464827249904093,0.8998472778161883,1.3910881364889576,null]],"outputs":[[0.7297616622526595,0.515059090544834,-0.020548567354520708,0.4285018639122178,-0.06414620324382159],[0.13524624418517295,1.0340732737039913,0.4395192849995695,0.27718711856683864,0.15652299491131294,null]],"hidden":[[[1.302805968471882,-0.42167866678903865,0.918341958997321,-0.06762241704147387,0.5211585996198802],[0.5372654422383363,0.23221520984184152,0.0993933188237277,-0.18149203962770866,0.6588754354548565],[1.2245292809798214,1.0996615264875969,0.90152470972098,0.4434864289557843,0.06864609749097772],[0.2867666527649626,-0.5418045056744825,0.4222464565814885,0.39001212517613615,0.4948107026704225]]]},"bias":{"inputs":[0.3964535837888281,0.8793419908469495,0.1782790470187814,1.2340767357154367],"outputs":[-0.12891220349612054,0.863133328214859],"hidden":[[-0.15668167265100563,0.8144448164154996,0.6304717473398387,1.5647372604550285]]},"layouts":[4]}