{"weights":{"inputs":[[0.4364332276259636,0.4959895891720905,0.16458030927924136,0.5829855927958818,0.6830199900426596],[0.7927302589701124,0.7975751858074306,0.7813216486492395,0.4405903499836135,0.6678180167013055],[0.9908605979217381,0.40637310344661526,0.8471613600507049,0.05113742133312197,0.5556403851896132],[0.43028579850863824,0.13909098165782957,0.7465026774911971,0.38265848588937884,0.536144766969217]],"outputs":[[0.8944733028842807,0.33748094171390136,0.8150116233718864,0.9090162275695072,null,null,null],[0.8625182954694051,0.74636594122603,0.9746950319675385,0.10369761051581723]],"hidden":[[[0.19424859571961403,0.4893746739773721,0.033856899531766356,0.6735830920186445,0.06968288079410846],[0.8410166262757817,0.23340538077422343,0.3333473056071786,0.6715380445267511,0.9026230909738558],[0.9168607197977205,0.3742697848173254,0.1827326476717079,0.35205217923646864,0.7522024273764409,null,null]]]},"bias":{"inputs":[0.3370637412630137,0.18514979704865547,0.84501755918483,0.6066218554431144],"outputs":[0.45109057696469396,0.12731828779234952],"hidden":[[0.7001307413209954,0.2593634291146268,0.06628199109555129]]},"layouts":[3]}