{"weights":{"inputs":[[0.914894742852829,0.11294909345224675,0.05943225234917983,0.5420256963978275,0.06195368608557338],[0.8908892981052583,0.4988105293196785,0.7761725581253085,0.07149438975648179,0.570282446014818],[0.901642530729419,0.12350983343923665,0.8109797172657566,0.9005056050453817,0.5415588958163265],[0.1481077892232991,0.28489322330652667,0.5748935809708051,0.9464935104692254,0.5797457581569206]],"outputs":[[0.9026159688891426,0.5144817626053946,0.930268906755489,0.4680763673109806],[0.25784374871932414,0.879292990053528,0.05892743934302517,0.36593014013115166]],"hidden":[[[0.2147177726216194,0.6877596881203821,0.34275121354037585,0.5727905825915707,0.1307601856380255,null],[0.6999013661797311,0.21521056485483211,0.34828028138023537,0.9727338747559823,0.6864197471587605],[0.20535821467115867,0.8919040825363026,0.15782719728567282,0.5001136140976188,0.5178443793206744]]]},"bias":{"inputs":[0.8644879602791338,0.015156631158630923,0.1804356846812046,0.26041961979345996],"outputs":[0.36029067472393195,0.5542394301156798],"hidden":[[0.21848786581670765,0.20176648682849344,0.8474704930146668]]},"layouts":[3]}