{"weights":{"inputs":[[0.9144382718433905,0.11141452429952614,0.05781589537014294,0.5416186328203394,0.06287722022957576],[0.8914254996949702,0.49889874748552543,0.7776448539964997,0.07106759085716967,0.5696856094022285,null],[0.9015851008136134,0.12350751458934443,0.8109019691040394,0.9001288352148851,0.5415588958163265,null],[0.1474330413952749,0.28452358035937036,0.5758638335983433,0.945782875606837,0.5780045826028583,null,null,null]],"outputs":[[0.902953719436481,0.5142456629759575,0.9308705107581593,0.4670748153251556,null],[0.25784374871932414,0.8791457994979441,0.05984701147312876,0.36593014013115166,null,null,null,null,null]],"hidden":[[[0.21538046591714816,0.6870546784568439,0.34294024254281824,0.5726473707063654,0.12859164960829642],[0.6999397366977115,0.2170926603586322,0.34887307499742976,0.971935461530432,0.6862266336311446],[0.20559914625120215,0.8926911007616615,0.15743704865522715,0.5004463546239772,0.5156259869535373]]]},"bias":{"inputs":[0.8628927789086489,0.014736441204037685,0.1813482277923739,0.26018601772911326],"outputs":[0.360849377512664,0.553849515714768],"hidden":[[0.21938709579700125,0.20065399175432833,0.8469096612095379]]},"layouts":[3]}