{"weights":{"inputs":[[0.6587196748899069,0.38075813333657726,1.0350911732601522,-0.27520940013868644,-0.11088418690890545],[0.26020813023066647,1.1858769880945097,0.932091755302517,0.6695594235680544,-0.24467766244901834],[0.12085632340806884,-0.36705560964260986,1.1510933330700057,0.7697311893505034,0.711914149981006,-0.49488357084159773],[1.2039447567323749,1.5017814401794987,0.9798383076417703,0.6060649433744887,-0.14155896388390832]],"outputs":[[0.6456808890043917,0.13557522071387207,-0.35185968153752567,0.4303078479403788,1.3862431750720732],[1.109014702841797,0.3521933741677339,0.15811553673271517,0.9889473601294541,0.7067551348892722,0.10987120961425978,null],[0.04104998312081687,0.24375814702622312,-0.6867745756452093,0.31559244405419085,0.367059623012133]],"hidden":[]},"bias":{"inputs":[0.3684054786993973,0.7591598135715862,1.1986794092202584,-0.5429275751421325],"outputs":[0.9820056089021258,0.47728576212789653,0.24336901120135623],"hidden":[]},"layouts":[]}