{"weights":{"inputs":[[0.43644881974965133,0.49591429467770115,0.16313769434398293,0.5822337744766044,0.6824783703754936,null,null],[0.2810212889957947,0.911052093592839,0.35109898401471945,0.7693345955933641,0.3177385127839428,null,null],[0.9897344952654279,0.4071309558620126,0.8504403396497608,0.05060533281971736,0.557892609688913,null,null],[0.43069248140165844,0.13951370890760928,0.7466679146278664,0.3832629284245824,0.5347558882218602]],"outputs":[[0.8945310890961186,0.3366227770845996,0.817964133605773,0.911435974451406],[0.861458237307515,0.7454900729560658,0.9772129269110318,0.1041637823492135]],"hidden":[[[0.19395344985343743,0.49159226178475984,0.03499055216418387,0.6766988134413617,0.06911760162422512],[0.8422832128260969,0.23451306169020844,0.3325949067432591,0.6733425218976894,0.9032705145218421],[0.914342904082409,0.3748552914237307,0.18216808315815816,0.35374759680169104,0.7552069971331593,null]]]},"bias":{"inputs":[0.9570289963098385,0.18489341622193936,0.8451660317377074,0.34178159087343807],"outputs":[0.4494345916381653,0.1265016600681737],"hidden":[[0.7017156737905208,0.26207150473495633,0.06532219910261139]]},"layouts":[3]}