{"weights":{"inputs":[[0.43685794239899095,0.4945264286640857,0.16424158766818175,0.5823733631401632,0.682501469119217,null],[0.7921780329113773,0.7980695508346484,0.7823197223476094,0.4398693141787403,0.6696732928131899],[0.9897344952654279,0.40766166353597777,0.8499594947499087,0.05081117128773511,0.5576131686942485],[0.4295579169351679,0.13970344350559236,0.7490210402730544,0.3837100392620608,0.536982294125538,null]],"outputs":[[0.893774004993295,0.3373602613879173,0.8182014404480796,0.9131772159960644,null,null],[0.861458237307515,0.7447595322170589,0.9772129269110318,0.10448358914594157]],"hidden":[[[0.19254477401318917,0.4909424476620208,0.03523586243134978,0.6766923582090872,0.0702286458425622],[0.8424617735370762,0.2341573697900129,0.33345789712877677,0.6739807636277029,0.903526519099572],[0.914342904082409,0.37585387836819684,0.182591442591161,0.35374759680169104,0.7544899270197425,null,null,null,null,null]]]},"bias":{"inputs":[0.9564301213961814,0.18200909511318325,0.845808125530108,0.34115224271069555],"outputs":[0.4494214211669249,0.1265016600681737],"hidden":[[0.7017156737905208,0.26100589581288813,0.06565888156647429]]},"layouts":[3]}