{"weights":{"inputs":[[0.9144382718433905,0.1106604654864543,0.05911685505175143,0.5417000630107731,0.06313503300206282],[0.8914254996949702,0.498173290011201,0.7776448539964997,0.07202482057786769,0.5706419187294425,null],[0.9015851008136134,0.12350751458934443,0.8111628970563121,0.8996953233107773,0.5420437590308689,null,null],[0.14799656501634434,0.28452358035937036,0.5758638335983433,0.9459759706325738,0.5783117790296515]],"outputs":[[0.9033802016105474,0.5160379221418194,0.9305649408764647,0.4677683548148654],[0.25791656414996655,0.879265400398885,0.06091403299811725,0.3672959258500925]],"hidden":[[[0.21538046591714816,0.6872295061956257,0.34349517167701005,0.5728323112694634,0.1287183686809914,null,null,null,null,null],[0.7017022408893122,0.21649450754035127,0.3471754220654871,0.9720669827861866,0.6870340336107299],[0.20559914625120215,0.8926867297029414,0.1575747131267303,0.5001136140976188,0.5164989801089447,null]]]},"bias":{"inputs":[0.8640912898117712,0.013373338522172252,0.18197502601030413,0.25999931904648904],"outputs":[0.3598037880031559,0.554200905243977],"hidden":[[0.21938709579700125,0.19965445392652806,0.8456556175266635]]},"layouts":[3]}