{"weights":{"inputs":[[0.6401519565629539,0.7857953711270258,1.1757076383883747,0.26695193831267505,0.235742997445489,null],[0.05182197428859814,0.8051056830075694,0.8847701993294781,0.24427270871373574,0.46567464253456925],[0.07789494522471463,-0.0021206030245586316,0.7139798020556827,0.5476422439200492,0.14817615329956224,null,null],[0.9853607281380832,0.6964161143832452,1.1426793239446913,1.0206227356431963,-0.14155896388390832,null]],"outputs":[[0.6106855424040283,0.22905640508644098,-0.10995555352205733,0.9115863827280193,0.9899084902334663],[0.8002441897423849,-0.13151365608055388,0.557240298615558,0.9673007378396912,0.4998301130001792,null,0.10684212440763763,null,null,null],[0.2867732290347953,0.22570802123230993,-0.16284429897978492,0.40595925935918564,0.04325034692954399,null]],"hidden":[]},"bias":{"inputs":[0.25490593500392,0.25513183534760864,1.0474159105746383,-1.6069336326700043],"outputs":[0.6997410900413714,0.47728576212789653,0.4377441057306706],"hidden":[]},"layouts":[]}