{"weights":{"inputs":[[0.43587378413237954,0.4934170826671122,0.16486239551993925,0.5813301224421821,0.6811932748301345],[0.7917159426343569,0.7974230290402794,0.7823841633950163,0.44104693742698076,0.6681586525662851,null],[0.9900476407212632,0.41036321425073147,0.8496684025016765,0.0516567988651717,0.5568115549394822],[0.431041832088845,0.14188347654239877,0.745139900738999,0.38553758579314207,0.5338880509846231,null,null,null]],"outputs":[[0.8954934402199382,0.3361405139254292,0.8186095738081512,0.9117855692482849],[0.8640736504762101,0.7448577791855285,0.9766117470866921,0.1026937107176356]],"hidden":[[[0.19425636054816942,0.48877712296291875,0.036736405692916085,0.6755527170640316,0.06886372767784732],[0.8413930222980293,0.23360822140797075,0.3340477036602227,0.6733564232339017,0.9025802628950156,null],[0.9145467071738165,0.37467927735251333,0.18499874728134444,0.35646189045447724,0.7565334166358116]]]},"bias":{"inputs":[0.3394841076458353,0.1832818771885382,0.8450563043080355,0.6068778753959408],"outputs":[0.45130882468914607,0.12521501092270834],"hidden":[[0.7016744462622699,0.2608280552183692,0.06592499312438298]]},"layouts":[3]}