{"weights":{"inputs":[[0.43648901145061975,0.4930093164672545,0.16570614280796225,0.581820103659499,0.6811932748301345],[0.7925858403194433,0.7983114093335846,0.7819902615127801,0.4396026728876248,0.6683935344515535],[0.9906661215488067,0.4067628912553904,0.8487121219253756,0.05070223969272085,0.5572826779927694],[0.4282513779895294,0.13882066214675734,0.7467195180972973,0.3830131988294954,0.5366515733787705,null]],"outputs":[[0.8932508398082538,0.3372307313069116,0.8164704322676412,0.9095089870709179],[0.8636976884671695,0.748042967371349,0.9766716699033274,0.10212887264697695]],"hidden":[[[0.19562299889161724,0.4891618172988817,0.03450203044191995,0.6753143768212833,0.06933341013746384,null],[0.8425474377176843,0.23345780090951454,0.33397309771249123,0.6718337515969652,0.9027444416078486],[0.9165352939066521,0.3757099859981069,0.18249778377172984,0.35181375791257435,0.7549074229366007,null]]]},"bias":{"inputs":[0.3367651558777823,0.1832818771885382,0.8463848520285332,0.6068778753959408],"outputs":[0.4519363831694398,0.12744481224496676],"hidden":[[0.7009175025625473,0.25946601813784953,0.06646480160023949]]},"layouts":[3]}