{"weights":{"inputs":[[0.6953853354392732,1.5284940021813207,1.3115223878770992,-0.027668296660026126,0.9729854992698295,null,null,null,null],[0.5020979892100419,0.14028004895137647,-0.14628536403726633,0.902284393454911,0.46240847545121255],[0.0584372816397436,0.9620847930592424,1.051281075633067,-0.27468188633575097,0.5139856552085449],[-0.17030635805801064,-1.1151665903775914,1.029727786514946,1.143760541762891,0.7892122677671245]],"outputs":[[0.4627599223865817,-0.25256225802320853,1.1182380759805786,1.2856560909990438,-0.3177951367026963],[0.29158051187941325,-0.36553836435402154,1.8391282065565004,1.4767188164334522,0.39915596291664657,null],[-0.4326599407900724,0.7957985167761763,0.426878836165977,0.3773591787171431,-1.08548029842078,null]],"hidden":[]},"bias":{"inputs":[-0.2941311376175231,0.7695945298434257,0.27583808128348775,-0.7165193689103726],"outputs":[1.0191827859563374,0.5485914991063279,0.005165951293459203],"hidden":[]},"layouts":[]}