{"weights":{"inputs":[[0.5614863081422401,0.5428854242013168,0.6288872149288223,0.33247060852937227,-0.20786067680038545,null],[-0.02474866574416512,0.7539148850615947,0.4328511989134467,0.6695594235680544,-0.24467766244901834],[0.1847914016320329,0.22408473489234138,0.6819398183711665,0.7213885171737764,0.28438451184277325,0.39991865366910795,null],[1.383299687566027,1.5017814401794987,0.9798383076417703,0.6060649433744887,-0.14155896388390832]],"outputs":[[1.0207218318519398,0.10966313714605702,-0.3567119423665064,0.4303078479403788,1.128770244006468,null,null,null,null],[1.109014702841797,-0.047048481153448174,0.2511955557373311,1.1027772208498225,-0.006935618156633128,0.050819993310878386,0.09686519912628055],[1.001680626843463,-0.632155491716603,-0.5688918742573141,0.9121674563319147,0.5802469313480507]],"hidden":[]},"bias":{"inputs":[0.3684054786993973,0.7591598135715862,0.8136807415825571,-0.5319394230336438],"outputs":[1.4291342090733916,0.47728576212789653,0.05307674365120829],"hidden":[]},"layouts":[]}