{"weights":{"inputs":[[0.3871211208623473,0.7857953711270258,0.924296563864506,0.4872397073451571,0.01958638820296721],[0.4977374946156783,0.6108310344352899,0.8339242001419043,0.24427270871373574,0.46567464253456925],[0.3013319962832228,0.4785711716300134,0.8903733914544469,0.5476422439200492,0.33180239498270603],[0.889950059589927,0.9677280918021967,0.3693039753580487,0.1826968458167071,0.7740332085700121]],"outputs":[[0.6456808890043917,0.20833204735255917,0.1408194844405175,0.5956325000423737,0.9899084902334663],[0.8002441897423849,0.23289586493888836,0.9323603532139861,0.15150650690280032,0.7995939476915057],[0.3830258776880615,0.22570802123230993,0.04211965965306552,0.40595925935918564,0.04325034692954399]],"hidden":[]},"bias":{"inputs":[0.01696627202688572,0.767562597718433,0.7885032397951555,0.045187801651313864],"outputs":[0.31429013418777263,0.36060941573687866,0.249841252602502],"hidden":[]},"layouts":[]}