{"weights":{"inputs":[[0.43637808608025386,0.49388756282848645,0.1655693171108479,0.5843316201626295,0.6831803537743424,null,null],[0.7913405407884514,0.7979630068600825,0.7821628683445774,0.4383854670373875,0.6680387606189699],[0.9906661215488067,0.4063000117229244,0.8480992296067721,0.04922904198208159,0.5568300531289554,null],[0.4289354986568423,0.13887437206346412,0.7467069462358362,0.38222691087901434,0.5364066851168164,null,null]],"outputs":[[0.895068105160502,0.3380606609001717,0.8156325155864065,0.9090350593933815,null],[0.8643748267152791,0.7469450313915067,0.9757509585588755,0.10174755492302973,null]],"hidden":[[[0.1944523349344246,0.4900468791498444,0.03728527925775056,0.6754904642377169,0.06671819005881716,null,null],[0.8413077283461918,0.23310921139212196,0.3340477036602227,0.6728218258980562,0.9032252932145896],[0.9176409519948647,0.3729846924679666,0.18194823020086423,0.3524568756818203,0.752720872090539,null]]]},"bias":{"inputs":[0.33712118653777196,0.18320825622721976,0.8453911683786575,0.6073401529990112],"outputs":[0.45130882468914607,0.12784474094789386],"hidden":[[0.7006002579928479,0.2593250579610188,0.06576164459544552]]},"layouts":[3]}