{"weights":{"inputs":[[0.43741667820007735,0.4954485744186887,0.16458030927924136,0.5829855927958818,0.6830199900426596,null],[0.7931036907708471,0.7952905705998289,0.7797046965714791,0.4382850065651949,0.6674115653435858,null],[0.9912953572831521,0.4056093134409019,0.8471613600507049,0.0502607713024584,0.5561638459705459,null,null,null,null],[0.42926652174752566,0.13872691351649166,0.7450623580173765,0.38168166588681346,0.536144766969217]],"outputs":[[0.8942824107052745,0.33843784617469813,0.8153533099217718,0.9080332883451857],[0.8621753385679279,0.7464554069877004,0.9757565370802642,0.10333488552304691]],"hidden":[[[0.1943731045614162,0.4893746739773721,0.033856899531766356,0.6735830920186445,0.0705153317833764],[0.8410349017842178,0.23397470280637822,0.3333473056071786,0.6716088185745459,0.9022134576075087],[0.9168607197977205,0.3758777884174209,0.18033664475295189,0.35206326505102736,0.7519134137627129,null]]]},"bias":{"inputs":[0.33595903141607786,0.18514979704865547,0.8452970102609005,0.6059854005842858],"outputs":[0.45154226634531425,0.12662613153315339],"hidden":[[0.7001307413209954,0.2593634291146268,0.06731214912524962]]},"layouts":[3]}