{"weights":{"inputs":[[0.43587378413237954,0.4934170826671122,0.16570614280796225,0.581820103659499,0.6811932748301345],[0.7917159426343569,0.7974230290402794,0.7819902615127801,0.44048511997619055,0.6681586525662851,null],[0.9897919238010182,0.40737479242711655,0.8487121219253756,0.05070223969272085,0.556613236496959],[0.4282513779895294,0.13882066214675734,0.7472772993265789,0.3836645895507583,0.5367078108817496,null]],"outputs":[[0.8944229545185869,0.33698416939574016,0.8174297013613292,0.9094476284608817],[0.8628812643585491,0.746466694715751,0.9750123157356972,0.10203985650991006,null,null,null,null,null,null,null,null]],"hidden":[[[0.1949026242334787,0.4891618172988817,0.03542934481257258,0.6753788068659758,0.06933341013746384,null,null],[0.842948963723812,0.2321957958481257,0.3338766290793656,0.6720795995194664,0.9032037313920515,null,null],[0.917221952468054,0.3752719890934625,0.18249778377172984,0.35264552057507503,0.7549074229366007]]]},"bias":{"inputs":[0.3367651558777823,0.1832818771885382,0.8466164182113886,0.6068778753959408],"outputs":[0.45187048756285086,0.1267709277746886],"hidden":[[0.7009175025625473,0.2613807574322444,0.06646480160023949]]},"layouts":[3]}