{"weights":{"inputs":[[0.43611107119991144,0.49543969681524547,0.16313769434398293,0.5818267609550082,0.6824783703754936],[0.7914783710769171,0.7980695508346484,0.7823197223476094,0.4395648693797017,0.6699475870660885,null],[0.9902723134992136,0.4080083766434998,0.8505425221638748,0.051090410439484014,0.5576131686942485],[0.4286022633796704,0.13874786809305473,0.7466679146278664,0.38370647801375846,0.535919554799885,null,null]],"outputs":[[0.8947887559886009,0.3379585309593349,0.819715182726078,0.9114329623750346,null],[0.861458237307515,0.7451629952795279,0.976645276370737,0.10532918837674889,null,null,null]],"hidden":[[[0.19369430234819374,0.4902484994099669,0.03444724039694542,0.6767908706260608,0.06852975472139337,null,null],[0.842031234595401,0.2338297818992089,0.33448531887573674,0.6731174936353409,0.9040097752534069],[0.913979377715348,0.374918377740123,0.18290362561158097,0.35374759680169104,0.7551213637344891]]]},"bias":{"inputs":[0.33707360247724727,0.1842006849093765,0.8464728612853907,0.34178159087343807],"outputs":[0.4506639855069091,0.12710377235821899],"hidden":[[0.5988104206682889,0.26235724248021497,0.06578327647283416]]},"layouts":[3]}