{"weights":{"inputs":[[0.914894742852829,0.1116180671386375,0.06023354052306054,0.5420256963978275,0.06139829484455013,null],[0.8903072928904123,0.4999537108694343,0.7764324055451777,0.07124168648780982,0.5699604627109768],[0.9025385666127562,0.12485324191577331,0.809247412718692,0.8985462581406579,0.5420586560807391,null,null,null],[0.14872443027400842,0.2852656991277013,0.5746348525314177,0.946857884042585,0.5803687095743852,null,null]],"outputs":[[0.9015966943718476,0.5162982708779468,0.9307689422266147,0.46758541930530684],[0.2570170613294502,0.8800658141908059,0.059012980124791156,0.36700938913548914]],"hidden":[[[0.21458817503589708,0.6854276869066456,0.34391354329928414,0.5737110566186833,0.12935500543935047,null],[0.7003393755506483,0.21555403142164417,0.3484051800281443,0.9729471043290545,0.6872768946910962,null],[0.205016346964766,0.8915165613757242,0.15741001361728393,0.4986140284242612,0.518086880047781]]]},"bias":{"inputs":[0.8632061415657708,0.016248233687570245,0.18242069252175366,0.26007987088575957],"outputs":[0.3592758044518433,0.554030352969547],"hidden":[[0.21667463310079516,0.20166409804037574,0.8472645770176441]]},"layouts":[3]}