{"weights":{"inputs":[[0.8074580572116992,0.6082222888698319,0.4789455508036926,0.5927485466891989,0.6203398941935008,null,null],[0.26548716539701744,0.9719773744210576,1.08742278202701,0.5057469132527517,1.0249949713414304],[0.7074042990954226,0.8405112361328366,0.4218470734965962,1.2125995033866794,0.2778901381953345,null],[-0.09724462320141014,-0.21644524849372315,0.6563986596326217,0.43551874388743483,0.6048388332455519]],"outputs":[[0.6990848828072806,1.73836594024701,-0.010167488720328466,0.6601181482114227,0.4163076203280729],[0.8714530078018266,0.731437048230211,0.11904408504037667,1.447634715549915,1.0270536920237832],[-0.5032560700576485,0.0005552456286666008,1.149396957068706,0.7399782820922713,0.2396035482210439]],"hidden":[]},"bias":{"inputs":[0.10793339473415786,0.3243826732068993,0.6481242474896731,0.8351072556580696],"outputs":[0.2808515835344425,1.0948879004512804,0.19930393918637623],"hidden":[]},"layouts":[]}