{"weights":{"inputs":[[0.43550889951156724,0.4947386866159714,0.1655693171108479,0.5842872864024103,0.6831803537743424],[0.7927202576396932,0.7974093959425147,0.7809865910586364,0.4386546049691365,0.6678482214000694,null],[0.9906661215488067,0.40624766113400623,0.8474744872239257,0.04996381247679023,0.5558578620152063,null,null],[0.4301355438985198,0.13909098165782957,0.7462183964371815,0.38339500732114573,0.536144766969217]],"outputs":[[0.8948390248826836,0.3380606609001717,0.815972759630942,0.9090350593933815],[0.8643748267152791,0.7469450313915067,0.9766002596085975,0.10211141520944413,null]],"hidden":[[[0.19464325695571916,0.4900468791498444,0.03728527925775056,0.6761880249949028,0.06603934562710201],[0.8413077283461918,0.23340538077422343,0.3333473056071786,0.6728218258980562,0.9023153092390984],[0.9176409519948647,0.37386617084599527,0.181059698253959,0.3524568756818203,0.7531436506404118,null,null]]]},"bias":{"inputs":[0.3370162306022802,0.18410219678690465,0.8453911683786575,0.6069944677278254],"outputs":[0.4528749618413639,0.12784474094789386],"hidden":[[0.6997834048619913,0.2593806345991129,0.06666531896435253]]},"layouts":[3]}