{"weights":{"inputs":[[0.004110015883606932,0.748087686250583,0.35571341819872804,0.6025367126768699,0.11193753979385668],[0.9895122299030614,0.18695848568673612,0.8451600471463312,0.13657194552529628,0.12473203810892897,null,null,null,null],[0.11491613795977074,0.6627607786471235,0.3761951860810824,1.282246473355163,0.7321198484517104,null,null],[0.9844434481126709,0.4892564089541558,0.9486088572880145,0.3459015228568809,-0.402234425468452,null,null]],"outputs":[[0.9403407667810935,0.9538351949924346,0.11375396186828035,0.8279134499746457],[0.08368451310142633,0.32873736709338286,0.3505653078980371,0.7529086480045493,null,null,null]],"hidden":[[[0.23345743940467956,0.013086073027667178,0.6582614549146324,0.7633611280884911,0.9967613337881602],[0.9423790274937363,0.9398158849733615,0.5531374857375237,0.51481568589044,-0.4372066901762852,null],[0.027581981658375998,0.9604271544729934,0.14093921555124012,0.6969443515326814,0.41782728237566347]]]},"bias":{"inputs":[0.5627231582609489,0.34609847624595047,0.4128417118364449,0.9405422454173236],"outputs":[0.4335770867135358,0.3040507876092513],"hidden":[[0.4094683107781365,0.8920145447248526,0.3147298353555137]]},"layouts":[3]}