{"weights":{"inputs":[[0.43320230284761296,0.4942284020676194,0.16547549193471442,0.5845290826131552,0.6848774629487189,null],[0.7938739802071385,0.7965886734758032,0.7816388261977789,0.43937070269809125,0.6688114719434206,null,null,null],[0.9924627288054066,0.40645664704108253,0.8470051269965492,0.049769397860084816,0.5572599259634324],[0.43112774106062285,0.13902288381330785,0.7485416380462281,0.38229471410856447,0.5362696171031328]],"outputs":[[0.8952330187781978,0.33774483671622374,0.8160616721331393,0.9087685114350905],[0.8615587649512443,0.7465233825960425,0.9741773282465979,0.10736083053223355,null]],"hidden":[[[0.19420936758739724,0.49009221067651765,0.035212563643413665,0.6733075302855831,0.06890926404838306,null],[0.8400688032475541,0.23293280118840443,0.33530932029427446,0.6726381414588903,0.9040299677868289,null,null],[0.9154613699572618,0.3771879664110018,0.1811606419912136,0.35179657927773217,0.7523823903725247]]]},"bias":{"inputs":[0.3387612920613722,0.1844935588980951,0.8444877708007501,0.6062754391847761],"outputs":[0.4495177210746146,0.12656776726205884],"hidden":[[0.7014675172734756,0.25993112058367157,0.06647179258056625]]},"layouts":[3]}