{"weights":{"inputs":[[0.43648901145061975,0.4938432249369065,0.16505113319857911,0.581820103659499,0.6815743755686963,null,null],[0.7925858403194433,0.7983114093335846,0.7814897872479607,0.43997558336035214,0.6685017081866709,null],[0.9899878993219882,0.40972434837180427,0.8502713762740914,0.0516567988651717,0.5572174217334855],[0.4285186566124257,0.13897918587937128,0.7468479822816676,0.3830131988294954,0.5366515733787705,null,null]],"outputs":[[0.8952383005146504,0.33698416939574016,0.8182273497847774,0.909547062208368],[0.8627576325226547,0.746789535868192,0.974175815464122,0.10203985650991006,null,null]],"hidden":[[[0.19471923677062114,0.4891618172988817,0.03450203044191995,0.6753143768212833,0.06933341013746384,null],[0.8420265449644374,0.2331619359201454,0.3335464355480092,0.6718337515969652,0.9027444416078486,null],[0.9165352939066521,0.3754893398058338,0.18249778377172984,0.35280428800984215,0.7549074229366007]]]},"bias":{"inputs":[0.3367651558777823,0.1842006849093765,0.8466922253578779,0.6060218614743869],"outputs":[0.45136112622839436,0.1269996830005608],"hidden":[[0.7009175025625473,0.2598108084881447,0.06651206313168347]]},"layouts":[3]}