{"weights":{"inputs":[[0.914894742852829,0.11201279104661581,0.05943225234917983,0.5420256963978275,0.06195368608557338],[0.8908892981052583,0.49976836974191713,0.7770504075516679,0.07149438975648179,0.5712716994462109],[0.901642530729419,0.12350983343923665,0.8109797172657566,0.9005056050453817,0.5415588958163265],[0.1481077892232991,0.2843343950999636,0.5739270930831696,0.9462173027884303,0.5792281572759752,null]],"outputs":[[0.9034272025756692,0.5138848205009756,0.9300750038529871,0.4680763673109806,null],[0.25784374871932414,0.879292990053528,0.05985377783978354,0.36593014013115166]],"hidden":[[[0.21376262162826404,0.6873129768160411,0.34275121354037585,0.5727905825915707,0.1307601856380255,null,null,null],[0.700242522315553,0.2170674288984628,0.3494721081805373,0.9712517734805741,0.6858448513190617,null],[0.2051421151965683,0.8919040825363026,0.15782719728567282,0.49926092615923806,0.5178443793206744,null,null,null,null,null]]]},"bias":{"inputs":[0.8654151847062705,0.015156631158630923,0.18270847978144567,0.26129808960515855],"outputs":[0.36029067472393195,0.5542394301156798],"hidden":[[0.21848786581670765,0.20176648682849344,0.8477751001711703]]},"layouts":[3]}