{"weights":{"inputs":[[0.4346486605284009,0.49439780396188165,0.1657338538881765,0.5840394281119528,0.6843345350561187],[0.793560545918643,0.7954786920184318,0.7778248186499185,0.43827804947285864,0.6663013674868896,null],[0.9920025166494273,0.40566304775409556,0.8460579886427605,0.05314800285559114,0.5542291158306349,null],[0.4314829526750116,0.1398493935796985,0.7492804978860463,0.3833735016065939,0.5365886376738991,null]],"outputs":[[0.8947288939350577,0.33748094171390136,0.8159434996391859,0.9089173896599466],[0.8610167123362242,0.7477598969629526,0.9739433845993216,0.10587870155251358]],"hidden":[[[0.19574763448232885,0.4885828154311352,0.03439623484332863,0.6757946767207227,0.07110857513786137],[0.8417324809738809,0.2330086465180455,0.33383160760392055,0.6716944691115043,0.9033116582876871],[0.9168287786203202,0.3740499491833528,0.182559456909853,0.35133164372826364,0.7522135731747411]]]},"bias":{"inputs":[0.33726921150607786,0.18482972738573314,0.8442578871525315,0.6062929446533755],"outputs":[0.4493224035831474,0.12731828779234952],"hidden":[[0.7021747101111774,0.2594830854734237,0.06628199109555129]]},"layouts":[3]}