{"weights":{"inputs":[[0.9144382718433905,0.11141452429952614,0.05878805349844481,0.5416186328203394,0.06287722022957576],[0.8906232882464619,0.4982509238010809,0.777044978485673,0.0710720236874199,0.5705376500445182],[0.9015851008136134,0.122926498196145,0.8109168437627258,0.8996953233107773,0.5420524272088977],[0.1471518788276687,0.2854455997491725,0.5768545407417653,0.9461642031290018,0.5786103787027997]],"outputs":[[0.9032296189194732,0.5142456629759575,0.9305649408764647,0.4677683548148654,null],[0.25791656414996655,0.8791457994979441,0.06000334684774974,0.36570318728626666]],"hidden":[[[0.21538046591714816,0.6866151982329174,0.3427960350366047,0.5728323112694634,0.12859164960829642],[0.7000157397826404,0.21649450754035127,0.34887307499742976,0.9717976200628369,0.6865601812564377,null,null,null],[0.20559914625120215,0.8926911007616615,0.15743704865522715,0.5001136140976188,0.5164989801089447,null,null,null]]]},"bias":{"inputs":[0.8631593447526814,0.014736441204037685,0.1813482277923739,0.2605881766999263],"outputs":[0.36076679956852203,0.5540442483281149],"hidden":[[0.21938709579700125,0.19979318774119656,0.8471485163642649]]},"layouts":[3]}